ID_Cliente,RUT_Cliente,Nombre_Completo,Email_Contacto,Comuna,Ciudad,Region,Monto_Facturado_CLP,Dias_Morosidad,Estado_Cuenta,Fecha_Registro
CLI-0001, 12.857.780-8 , MACARENA TAPIA MORALES ,mac.tapia@gmail.com,La Serena,La Serena,Región de Coquimbo,3640000,0,En Revisión,2026-05-14
CLI-0002,21773005-0, Cristián Valenzuela Araya ,cri.valenzuela@consultora.cl,Viña del Mar,Valparaíso,Región de Valparaíso,21080000,60,Activo,2026-01-12
CLI-0003,14.402.092-1, Andrea Silva Morales ,and.silva@servicios.cl,Puerto Montt,Puerto Montt,Región de Los Lagos,7980000,0,Activo,2026-06-21
CLI-0004,21.059.002-8, IGNACIO ROJAS ESPINOZA ,ign.rojas@outlook.cl,Concepción,Concepción,Región del Biobío,8180000,30,Activo,2026-06-05
CLI-0005,22320514-8, FRANCISCA SOTO SOTO ,fra.soto@empresa.cl,Temuco,Temuco,Región de la Araucanía,11450000,45,activo,2026-03-17
CLI-0006,11.045.450-1, Ignacio Soto Vergara ,ign.soto@gmail.com,Puerto Montt,Puerto Montt,Región de Los Lagos,13930000,30,Activo,2026-05-28
CLI-0007,17.684.442-7, Beatriz Tapia Silva ,bea.tapia@sura.cl,Talcahuano,Concepción,Región del Biobío,13200000,120,activo,2026-04-07
CLI-0008,20.205.046-2, Mauricio Araya Tapia ,mau.araya@outlook.cl,Santiago Centro,Santiago,Región Metropolitana,3170000,0,En Revisión,2026-02-12
CLI-0009,13660995-K,  carolina vergara valenzuela  ,car.vergara@gmail.com,Valparaíso,Valparaíso,Región de Valparaíso,18780000,0,En Revisión,2026-04-08
CLI-0010,11.050.232-K, TOMAS LÓPEZ RODRÍGUEZ ,tom.lópez@gmail.com,Providencia,Santiago,Región Metropolitana,1840000,0,EN REVISIÓN,2026-06-03
CLI-0011,14.532.054-2, Valentina Araya Rojas ,val.araya@servicios.cl,Temuco,Temuco,Región de la Araucanía,7970000,15,activo,2026-04-27
CLI-0012, 19.537.899-0 , ÁLVARO PÉREZ SOTO ,álv.pérez@consultora.cl,Concepción,Concepción,Región del Biobío,14910000,120,EN REVISIÓN,2026-07-06
CLI-0013,20.660.647-1, Constanza Vergara Sepúlveda ,con.vergara@gmail.com,Santiago Centro,Santiago,Región Metropolitana,2160000,120,En Revisión,2026-06-09
CLI-0014, 14.790.263-0 , Diego Fuentes Araya ,die.fuentes@outlook.cl,Puerto Montt,Puerto Montt,Región de Los Lagos,8750000,60,Activo,2026-01-21
CLI-0015,17847811-6, Fernanda López Contreras ,fer.lópez@servicios.cl,Talcahuano,Concepción,Región del Biobío,8560000,120,Activo,2026-01-08
CLI-0016,18686604-4, Mauricio Valenzuela Morales ,mau.valenzuela@empresa.cl,Ñuñoa,Santiago,Región Metropolitana,15620000,0,En Revisión,2026-07-03
CLI-0017,19518387-3, Paula Contreras Morales ,pau.contreras@servicios.cl,Providencia,Santiago,Región Metropolitana,3490000,45,En Revisión,2026-06-10
CLI-0018, 21.435.970-1 , GABRIEL CONTRERAS SOTO ,gab.contreras@sura.cl,Maipú,Santiago,Región Metropolitana,4000000,15,En Revisión,2026-03-28
CLI-0019, 14.972.823-9 , Sofia Espinoza Tapia ,sof.espinoza@servicios.cl,Puerto Montt,Puerto Montt,Región de Los Lagos,17630000,0,Inactivo,2026-03-06
CLI-0020, 22.082.736-1 , Diego Espinoza Valenzuela ,die.espinoza@sura.cl,Ñuñoa,Santiago,Región Metropolitana,1710000,15,activo,2026-05-17
CLI-0021,22051983-2,  marcela espinoza espinoza  ,mar.espinoza@sura.cl,Talcahuano,Concepción,Región del Biobío,4910000,120,Inactivo,2026-07-28
CLI-0022,12.322.581-5, Rodrigo Valenzuela Espinoza ,rod.valenzuela@gmail.com,Maipú,Santiago,Región Metropolitana,21450000,30,En Revisión,2026-03-01
CLI-0023,11.924.064-K, FERNANDA SOTO ARAYA ,fer.soto@sura.cl,La Serena,La Serena,Región de Coquimbo,6560000,0,activo,2026-03-06
CLI-0024,13.858.633-3,  gabriel pérez morales  ,gab.pérez@empresa.cl,Temuco,Temuco,Región de la Araucanía,10190000,0,Inactivo,2026-07-01
CLI-0025,20.139.202-3,  beatriz silva morales  ,bea.silva@outlook.cl,Puerto Montt,Puerto Montt,Región de Los Lagos,15710000,30,En Revisión,2026-03-13
CLI-0026,13205217-8, IGNACIO SOTO ROJAS ,ign.soto@gmail.com,Valparaíso,Valparaíso,Región de Valparaíso,7360000,0,EN REVISIÓN,2026-01-15
CLI-0027,13.667.446-4, Sofia Díaz Valenzuela ,sof.díaz@outlook.cl,Maipú,Santiago,Región Metropolitana,15470000,0,Activo,2026-01-12
CLI-0028, 20.093.525-5 , Felipe Sepúlveda Rodríguez ,fel.sepúlveda@sura.cl,Concepción,Concepción,Región del Biobío,5550000,30,Activo,2026-07-06
CLI-0029,11562196-8, Loreto Pérez Araya ,lor.pérez@outlook.cl,Ñuñoa,Santiago,Región Metropolitana,16280000,60,Inactivo,2026-01-14
CLI-0030,15782346-2, Ignacio Fuentes Silva ,ign.fuentes@servicios.cl,Ñuñoa,Santiago,Región Metropolitana,4690000,0,En Revisión,2026-04-15
CLI-0031, 21.148.772-3 , Francisca Araya Tapia ,fra.araya@servicios.cl,Viña del Mar,Valparaíso,Región de Valparaíso,1270000,0,EN REVISIÓN,2026-04-26
CLI-0032, 12.940.421-3 ,  diego gonzález sepúlveda  ,die.gonzález@gmail.com,Talcahuano,Concepción,Región del Biobío,14730000,120,EN REVISIÓN,2026-03-11
CLI-0033, 13.937.626-4 , CATALINA MUÑOZ MORALES ,cat.muñoz@servicios.cl,Valparaíso,Valparaíso,Región de Valparaíso,2770000,0,En Revisión,2026-05-20
CLI-0034,17840614-1, Mauricio Espinoza Muñoz ,mau.espinoza@servicios.cl,Providencia,Santiago,Región Metropolitana,10370000,15,Activo,2026-04-22
CLI-0035,16582459-2,  carolina araya pérez  ,car.araya@servicios.cl,La Serena,La Serena,Región de Coquimbo,21240000,120,Activo,2026-06-19
CLI-0036, 15.180.463-K , DIEGO DÍAZ FUENTES ,die.díaz@servicios.cl,Viña del Mar,Valparaíso,Región de Valparaíso,19560000,60,Inactivo,2026-02-03
CLI-0037, 15.325.544-5 , Fernanda Morales Vergara ,fer.morales@sura.cl,Maipú,Santiago,Región Metropolitana,13150000,15,En Revisión,2026-04-24
CLI-0038, 15.343.944-1 , TOMAS ARAYA CONTRERAS ,tom.araya@empresa.cl,Temuco,Temuco,Región de la Araucanía,7420000,30,Activo,2026-05-06
CLI-0039, 18.340.158-8 , Valentina López Morales ,val.lópez@outlook.cl,Valparaíso,Valparaíso,Región de Valparaíso,6160000,120,Inactivo,2026-07-19
CLI-0040,19.552.605-0,  sebastián díaz araya  ,seb.díaz@outlook.cl,Ñuñoa,Santiago,Región Metropolitana,21780000,0,EN REVISIÓN,2026-04-27
CLI-0041,15.068.981-8,  catalina fuentes espinoza  ,cat.fuentes@consultora.cl,Ñuñoa,Santiago,Región Metropolitana,11650000,60,Inactivo,2026-06-24
CLI-0042,22.280.617-7, HERNÁN MUÑOZ VALENZUELA ,her.muñoz@outlook.cl,Maipú,Santiago,Región Metropolitana,11240000,120,EN REVISIÓN,2026-02-09
CLI-0043, 16.747.630-6 , Macarena Soto Morales ,mac.soto@sura.cl,Puerto Montt,Puerto Montt,Región de Los Lagos,17280000,45,activo,2026-04-10
CLI-0044,12.737.571-K,  cristián vergara soto  ,cri.vergara@empresa.cl,Antofagasta,Antofagasta,Región de Antofagasta,4750000,45,Activo,2026-07-26
CLI-0045,21720037-1, BEATRIZ TAPIA VALENZUELA ,bea.tapia@servicios.cl,Ñuñoa,Santiago,Región Metropolitana,17990000,0,Activo,2026-06-09
CLI-0046,12.133.167-1, Cristián Díaz Morales ,cri.díaz@empresa.cl,La Serena,La Serena,Región de Coquimbo,20540000,0,EN REVISIÓN,2026-03-03
CLI-0047,18.346.735-2, Marcela Díaz Morales ,mar.díaz@sura.cl,Viña del Mar,Valparaíso,Región de Valparaíso,17590000,30,En Revisión,2026-01-21
CLI-0048,18.378.016-2,  sebastián lópez muñoz  ,seb.lópez@gmail.com,Talcahuano,Concepción,Región del Biobío,20130000,0,Inactivo,2026-05-12
CLI-0049,20.762.083-9, Macarena Rojas Silva ,mac.rojas@sura.cl,Las Condes,Santiago,Región Metropolitana,7750000,0,En Revisión,2026-04-01
CLI-0050,20.171.486-1,  felipe araya sepúlveda  ,fel.araya@gmail.com,Santiago Centro,Santiago,Región Metropolitana,5730000,45,En Revisión,2026-02-20
CLI-0051,19.107.255-1, Camila Vergara Sepúlveda ,cam.vergara@sura.cl,Puerto Montt,Puerto Montt,Región de Los Lagos,18950000,0,activo,2026-02-22
CLI-0052,13.054.944-6, IGNACIO CONTRERAS DÍAZ ,ign.contreras@empresa.cl,Temuco,Temuco,Región de la Araucanía,8600000,0,En Revisión,2026-06-19
CLI-0053,21.890.262-5, DANIELA RODRÍGUEZ PÉREZ ,dan.rodríguez@empresa.cl,Providencia,Santiago,Región Metropolitana,18360000,0,EN REVISIÓN,2026-07-21
CLI-0054,17.449.223-K, Sebastián Sepúlveda Soto ,seb.sepúlveda@servicios.cl,Viña del Mar,Valparaíso,Región de Valparaíso,18090000,0,activo,2026-05-13
CLI-0055,11.500.055-5, Valentina Soto Díaz ,val.soto@servicios.cl,Las Condes,Santiago,Región Metropolitana,14420000,0,En Revisión,2026-06-01
CLI-0056,14216753-K,  rodrigo sepúlveda rodríguez  ,rod.sepúlveda@gmail.com,Valparaíso,Valparaíso,Región de Valparaíso,14880000,120,EN REVISIÓN,2026-02-09
CLI-0057, 21.122.939-8 , Beatriz Sepúlveda Morales ,bea.sepúlveda@sura.cl,Antofagasta,Antofagasta,Región de Antofagasta,6220000,0,EN REVISIÓN,2026-03-11
CLI-0058,14443843-0, Matías Pérez Pérez ,mat.pérez@sura.cl,Valparaíso,Valparaíso,Región de Valparaíso,13500000,0,En Revisión,2026-01-18
CLI-0059,19.745.270-K, Camila Vergara Espinoza ,cam.vergara@empresa.cl,Talcahuano,Concepción,Región del Biobío,21970000,0,EN REVISIÓN,2026-05-19
CLI-0060,20.646.504-5, Javier Rojas Soto ,jav.rojas@outlook.cl,Puerto Montt,Puerto Montt,Región de Los Lagos,970000,15,activo,2026-05-07
CLI-0061, 20.366.353-0 , JAVIERA ARAYA SOTO ,jav.araya@consultora.cl,Temuco,Temuco,Región de la Araucanía,12010000,0,activo,2026-03-04
CLI-0062,19406750-3, Gabriel López Vergara ,gab.lópez@sura.cl,Talcahuano,Concepción,Región del Biobío,11210000,0,EN REVISIÓN,2026-03-15
CLI-0063, 14.331.264-2 , Loreto Morales Pérez ,lor.morales@gmail.com,Talcahuano,Concepción,Región del Biobío,13730000,30,EN REVISIÓN,2026-04-11
CLI-0064,15748097-K, Felipe González López ,fel.gonzález@consultora.cl,Santiago Centro,Santiago,Región Metropolitana,11860000,30,activo,2026-01-01
CLI-0065,14.288.488-4, FRANCISCA VALENZUELA TAPIA ,fra.valenzuela@gmail.com,Puerto Montt,Puerto Montt,Región de Los Lagos,6040000,0,EN REVISIÓN,2026-07-02
CLI-0066,20.498.090-2, Mauricio Rodríguez Rojas ,mau.rodríguez@gmail.com,Concepción,Concepción,Región del Biobío,17630000,15,Activo,2026-05-26
CLI-0067, 11.955.434-4 ,  andrea gonzález espinoza  ,and.gonzález@empresa.cl,Puerto Montt,Puerto Montt,Región de Los Lagos,15390000,30,Inactivo,2026-07-18
CLI-0068,20.069.414-5, MATÍAS FUENTES MORALES ,mat.fuentes@empresa.cl,Valparaíso,Valparaíso,Región de Valparaíso,10860000,0,Activo,2026-06-09
CLI-0069,13.859.516-2,  carolina rojas araya  ,car.rojas@sura.cl,Viña del Mar,Valparaíso,Región de Valparaíso,1140000,60,EN REVISIÓN,2026-06-16
CLI-0070,20.266.869-8, MAURICIO ARAYA SOTO ,mau.araya@sura.cl,Puerto Montt,Puerto Montt,Región de Los Lagos,16850000,45,EN REVISIÓN,2026-01-27
CLI-0071,11364673-7, ANDREA MUÑOZ ARAYA ,and.muñoz@gmail.com,Talcahuano,Concepción,Región del Biobío,7030000,0,Inactivo,2026-04-02
CLI-0072,16.639.676-7, Esteban Valenzuela Díaz ,est.valenzuela@sura.cl,Concepción,Concepción,Región del Biobío,17320000,60,EN REVISIÓN,2026-01-08
CLI-0073,16.529.760-7, Constanza Fuentes Rodríguez ,con.fuentes@servicios.cl,Valparaíso,Valparaíso,Región de Valparaíso,10140000,120,Inactivo,2026-04-07
CLI-0074,21.681.359-7, Ignacio Espinoza Araya ,ign.espinoza@empresa.cl,Talcahuano,Concepción,Región del Biobío,17870000,15,Inactivo,2026-01-25
CLI-0075,17.345.273-4, Marcela Sepúlveda Espinoza ,mar.sepúlveda@consultora.cl,Antofagasta,Antofagasta,Región de Antofagasta,12270000,0,Inactivo,2026-07-25
CLI-0076,18.692.246-4, Tomas González Rodríguez ,tom.gonzález@gmail.com,Antofagasta,Antofagasta,Región de Antofagasta,17750000,30,Inactivo,2026-05-22
CLI-0077,14950656-4, Constanza Rodríguez Fuentes ,con.rodríguez@empresa.cl,La Serena,La Serena,Región de Coquimbo,660000,120,EN REVISIÓN,2026-04-23
CLI-0078,20.532.244-4, ÁLVARO TAPIA ESPINOZA ,álv.tapia@sura.cl,Temuco,Temuco,Región de la Araucanía,14090000,0,Activo,2026-04-21
CLI-0079,13856777-7, Marcela Espinoza Díaz ,mar.espinoza@sura.cl,Puerto Montt,Puerto Montt,Región de Los Lagos,9020000,60,EN REVISIÓN,2026-06-06
CLI-0080, 13.263.736-6 , Mauricio Pérez Espinoza ,mau.pérez@gmail.com,Ñuñoa,Santiago,Región Metropolitana,5210000,15,Inactivo,2026-05-28
CLI-0081,11.338.107-4, Sofia Vergara Contreras ,sof.vergara@outlook.cl,Valparaíso,Valparaíso,Región de Valparaíso,17710000,120,Inactivo,2026-07-05
CLI-0082, 17.942.818-3 , IGNACIO DÍAZ LÓPEZ ,ign.díaz@consultora.cl,Viña del Mar,Valparaíso,Región de Valparaíso,20100000,30,En Revisión,2026-05-05
CLI-0083,15.412.692-4, Macarena González Díaz ,mac.gonzález@gmail.com,Puerto Montt,Puerto Montt,Región de Los Lagos,20250000,30,Inactivo,2026-04-20
CLI-0084, 18.844.773-2 ,  javier sepúlveda rojas  ,jav.sepúlveda@servicios.cl,Antofagasta,Antofagasta,Región de Antofagasta,4080000,0,Activo,2026-02-04
CLI-0085,12.449.255-5, Macarena Rodríguez Muñoz ,mac.rodríguez@gmail.com,Providencia,Santiago,Región Metropolitana,980000,15,Activo,2026-02-27
CLI-0086,20.269.276-3, Mauricio Pérez Soto ,mau.pérez@sura.cl,Temuco,Temuco,Región de la Araucanía,11190000,45,EN REVISIÓN,2026-01-20
CLI-0087,12.715.632-3, Andrea Contreras González ,and.contreras@consultora.cl,Antofagasta,Antofagasta,Región de Antofagasta,11290000,15,Activo,2026-01-08
CLI-0088, 11.678.385-2 , TOMAS VALENZUELA ARAYA ,tom.valenzuela@gmail.com,Las Condes,Santiago,Región Metropolitana,1710000,30,En Revisión,2026-02-13
CLI-0089,20336972-4, DANIELA VALENZUELA RODRÍGUEZ ,dan.valenzuela@sura.cl,Antofagasta,Antofagasta,Región de Antofagasta,20550000,15,Activo,2026-02-11
CLI-0090, 14.197.146-6 , Felipe González Rodríguez ,fel.gonzález@gmail.com,Viña del Mar,Valparaíso,Región de Valparaíso,8770000,90,EN REVISIÓN,2026-04-23
CLI-0091,22.160.319-1, CAMILA CONTRERAS ESPINOZA ,cam.contreras@consultora.cl,La Serena,La Serena,Región de Coquimbo,10340000,45,activo,2026-07-07
CLI-0092,15199395-K, Gabriel Muñoz Soto ,gab.muñoz@empresa.cl,La Serena,La Serena,Región de Coquimbo,1400000,0,EN REVISIÓN,2026-04-23
CLI-0093, 17.257.650-4 , Daniela Sepúlveda Pérez ,dan.sepúlveda@servicios.cl,Viña del Mar,Valparaíso,Región de Valparaíso,20950000,30,Inactivo,2026-04-16
CLI-0094,14.827.339-6,  felipe valenzuela sepúlveda  ,fel.valenzuela@empresa.cl,Providencia,Santiago,Región Metropolitana,5920000,30,activo,2026-03-10
CLI-0095,15.488.455-5, Marcela Tapia Morales ,mar.tapia@empresa.cl,Valparaíso,Valparaíso,Región de Valparaíso,9130000,90,Inactivo,2026-05-28
CLI-0096, 12.265.019-7 , Sebastián Tapia Muñoz ,seb.tapia@empresa.cl,Providencia,Santiago,Región Metropolitana,20860000,60,activo,2026-01-12
CLI-0097,19.176.462-3,  francisca araya lópez  ,fra.araya@empresa.cl,Maipú,Santiago,Región Metropolitana,7490000,0,EN REVISIÓN,2026-02-28
CLI-0098, 20.597.692-K , IGNACIO FUENTES SEPÚLVEDA ,ign.fuentes@consultora.cl,Santiago Centro,Santiago,Región Metropolitana,11890000,15,EN REVISIÓN,2026-06-21
CLI-0099,18.898.568-6,  macarena díaz soto  ,mac.díaz@outlook.cl,Valparaíso,Valparaíso,Región de Valparaíso,19030000,120,Inactivo,2026-04-12
CLI-0100,15194399-2, Tomas Díaz Valenzuela ,tom.díaz@servicios.cl,Providencia,Santiago,Región Metropolitana,8730000,30,EN REVISIÓN,2026-06-27
CLI-0101,15068863-9, Catalina Contreras Contreras ,cat.contreras@servicios.cl,Talcahuano,Concepción,Región del Biobío,20620000,60,EN REVISIÓN,2026-07-02
CLI-0102,15.833.955-4, Diego Silva Araya ,die.silva@gmail.com,Las Condes,Santiago,Región Metropolitana,3000000,15,Inactivo,2026-03-10
CLI-0103,22.398.288-8, CAMILA VERGARA TAPIA ,cam.vergara@consultora.cl,Concepción,Concepción,Región del Biobío,16540000,30,Activo,2026-04-19
CLI-0104, 14.182.624-6 , Cristián Valenzuela González ,cri.valenzuela@sura.cl,Concepción,Concepción,Región del Biobío,1310000,0,activo,2026-06-23
CLI-0105, 22.467.181-4 , Sofia Contreras Pérez ,sof.contreras@outlook.cl,Puerto Montt,Puerto Montt,Región de Los Lagos,13540000,30,En Revisión,2026-05-02
CLI-0106,15189603-3, Gonzalo Vergara Sepúlveda ,gon.vergara@gmail.com,Concepción,Concepción,Región del Biobío,12530000,45,En Revisión,2026-02-13
CLI-0107,15880893-6, CAMILA ARAYA ARAYA ,cam.araya@gmail.com,Viña del Mar,Valparaíso,Región de Valparaíso,20210000,0,En Revisión,2026-05-09
CLI-0108,11.267.000-7, Diego Muñoz Soto ,die.muñoz@sura.cl,Santiago Centro,Santiago,Región Metropolitana,1070000,120,activo,2026-06-09
CLI-0109,19.431.960-9, Valentina Morales Sepúlveda ,val.morales@servicios.cl,Valparaíso,Valparaíso,Región de Valparaíso,12980000,120,Activo,2026-07-14
CLI-0110, 13.520.150-2 , SEBASTIÁN PÉREZ SOTO ,seb.pérez@sura.cl,Las Condes,Santiago,Región Metropolitana,16330000,60,EN REVISIÓN,2026-04-18
CLI-0111,16.331.357-3, Camila Soto Morales ,cam.soto@servicios.cl,Talcahuano,Concepción,Región del Biobío,19340000,15,Activo,2026-06-21
CLI-0112,19.485.484-7, FELIPE VERGARA VERGARA ,fel.vergara@gmail.com,Concepción,Concepción,Región del Biobío,2600000,60,En Revisión,2026-06-22
CLI-0113,13.760.186-2, Carolina Díaz Espinoza ,car.díaz@gmail.com,Concepción,Concepción,Región del Biobío,12860000,60,activo,2026-05-18
CLI-0114,13.697.302-7, HERNÁN CONTRERAS VERGARA ,her.contreras@gmail.com,Ñuñoa,Santiago,Región Metropolitana,8850000,45,Inactivo,2026-06-19
CLI-0115, 19.580.611-4 , BEATRIZ ESPINOZA SILVA ,bea.espinoza@consultora.cl,Providencia,Santiago,Región Metropolitana,9450000,0,En Revisión,2026-02-19
CLI-0116,20183945-2, MATÍAS SEPÚLVEDA CONTRERAS ,mat.sepúlveda@consultora.cl,Providencia,Santiago,Región Metropolitana,1090000,0,Inactivo,2026-06-07
CLI-0117,17.292.330-0, FRANCISCA PÉREZ TAPIA ,fra.pérez@outlook.cl,Talcahuano,Concepción,Región del Biobío,13870000,15,EN REVISIÓN,2026-02-09
CLI-0118,21.955.710-0, MATÍAS TAPIA FUENTES ,mat.tapia@sura.cl,Talcahuano,Concepción,Región del Biobío,15980000,0,Inactivo,2026-03-01
CLI-0119,11964091-1,  marcela pérez fuentes  ,mar.pérez@servicios.cl,Santiago Centro,Santiago,Región Metropolitana,21190000,45,Inactivo,2026-03-10
CLI-0120, 16.902.804-3 , ÁLVARO TAPIA CONTRERAS ,álv.tapia@gmail.com,Maipú,Santiago,Región Metropolitana,8770000,0,EN REVISIÓN,2026-02-07
CLI-0121,21.326.779-3, Sofia González Tapia ,sof.gonzález@empresa.cl,Valparaíso,Valparaíso,Región de Valparaíso,3260000,0,En Revisión,2026-06-05
CLI-0122, 20.871.270-5 , Sebastián Sepúlveda Rojas ,seb.sepúlveda@consultora.cl,Temuco,Temuco,Región de la Araucanía,1650000,15,activo,2026-04-07
CLI-0123,11949041-8, Macarena Díaz Soto ,mac.díaz@outlook.cl,Temuco,Temuco,Región de la Araucanía,3210000,0,Inactivo,2026-03-08
CLI-0124,17.577.741-3, Diego Fuentes Silva ,die.fuentes@sura.cl,Puerto Montt,Puerto Montt,Región de Los Lagos,18970000,30,En Revisión,2026-03-25
CLI-0125,14.294.333-2, JAVIERA MUÑOZ ROJAS ,jav.muñoz@outlook.cl,Maipú,Santiago,Región Metropolitana,19500000,0,activo,2026-07-13
CLI-0126,11492005-4, Claudio Fuentes Pérez ,cla.fuentes@sura.cl,Las Condes,Santiago,Región Metropolitana,8780000,0,EN REVISIÓN,2026-06-04
CLI-0127,19888134-9, JAVIERA MUÑOZ SEPÚLVEDA ,jav.muñoz@servicios.cl,Valparaíso,Valparaíso,Región de Valparaíso,4380000,60,Activo,2026-07-13
CLI-0128, 14.640.218-2 ,  gonzalo pérez morales  ,gon.pérez@consultora.cl,Temuco,Temuco,Región de la Araucanía,11550000,0,Inactivo,2026-01-19
CLI-0129,14.053.360-1, Carolina Contreras Espinoza ,car.contreras@sura.cl,Maipú,Santiago,Región Metropolitana,1680000,0,Inactivo,2026-06-25
CLI-0130,22344182-8, Álvaro Rojas Contreras ,álv.rojas@outlook.cl,La Serena,La Serena,Región de Coquimbo,1270000,30,activo,2026-01-27
CLI-0131,17.980.299-5, Macarena Pérez González ,mac.pérez@outlook.cl,Temuco,Temuco,Región de la Araucanía,4390000,15,Activo,2026-07-17
CLI-0132,14.761.892-9, FELIPE DÍAZ TAPIA ,fel.díaz@empresa.cl,Talcahuano,Concepción,Región del Biobío,17400000,120,En Revisión,2026-01-01
CLI-0133,15175033-2, CATALINA VALENZUELA MORALES ,cat.valenzuela@sura.cl,Viña del Mar,Valparaíso,Región de Valparaíso,9900000,60,Inactivo,2026-03-21
CLI-0134, 16.712.548-7 , MATÍAS VALENZUELA LÓPEZ ,mat.valenzuela@gmail.com,Antofagasta,Antofagasta,Región de Antofagasta,2960000,0,activo,2026-03-27
CLI-0135,18.456.416-2, Beatriz Fuentes Espinoza ,bea.fuentes@sura.cl,Concepción,Concepción,Región del Biobío,19420000,15,En Revisión,2026-02-26
CLI-0136,13.947.751-1, IGNACIO ARAYA PÉREZ ,ign.araya@sura.cl,Santiago Centro,Santiago,Región Metropolitana,7810000,30,EN REVISIÓN,2026-02-18
CLI-0137,12619604-1, Paula Pérez Araya ,pau.pérez@consultora.cl,Ñuñoa,Santiago,Región Metropolitana,11540000,15,EN REVISIÓN,2026-01-02
CLI-0138, 15.894.833-4 , CRISTIÁN FUENTES LÓPEZ ,cri.fuentes@empresa.cl,Las Condes,Santiago,Región Metropolitana,10780000,0,Activo,2026-04-25
CLI-0139,12.921.500-1,  sofia tapia valenzuela  ,sof.tapia@consultora.cl,Temuco,Temuco,Región de la Araucanía,11980000,0,activo,2026-04-24
CLI-0140,14.363.811-1,  cristián muñoz tapia  ,cri.muñoz@gmail.com,Ñuñoa,Santiago,Región Metropolitana,7800000,45,Activo,2026-05-26
CLI-0141, 15.748.609-1 , Carolina Contreras Pérez ,car.contreras@gmail.com,La Serena,La Serena,Región de Coquimbo,13160000,15,EN REVISIÓN,2026-01-27
CLI-0142,12019949-K,  mauricio fuentes soto  ,mau.fuentes@consultora.cl,Viña del Mar,Valparaíso,Región de Valparaíso,1390000,0,activo,2026-01-18
CLI-0143,17.537.410-9,  marcela lópez vergara  ,mar.lópez@servicios.cl,Antofagasta,Antofagasta,Región de Antofagasta,7920000,15,Activo,2026-04-23
CLI-0144,19540155-7, Ignacio Soto Vergara ,ign.soto@sura.cl,Providencia,Santiago,Región Metropolitana,19520000,0,En Revisión,2026-05-22
CLI-0145,20.569.422-4,  camila rodríguez silva  ,cam.rodríguez@empresa.cl,Valparaíso,Valparaíso,Región de Valparaíso,18580000,90,EN REVISIÓN,2026-07-07
CLI-0146, 21.587.796-6 , Hernán Tapia Muñoz ,her.tapia@sura.cl,Ñuñoa,Santiago,Región Metropolitana,10520000,0,Inactivo,2026-06-24
CLI-0147, 13.034.986-8 , Francisca Valenzuela Pérez ,fra.valenzuela@sura.cl,Temuco,Temuco,Región de la Araucanía,19410000,45,Inactivo,2026-01-04
CLI-0148,16.049.078-K, Rodrigo Sepúlveda Espinoza ,rod.sepúlveda@empresa.cl,La Serena,La Serena,Región de Coquimbo,7800000,60,EN REVISIÓN,2026-03-21
CLI-0149,22.439.068-5, CATALINA ROJAS ARAYA ,cat.rojas@empresa.cl,Puerto Montt,Puerto Montt,Región de Los Lagos,11040000,45,Activo,2026-03-06
CLI-0150, 12.793.884-2 , Esteban Fuentes Araya ,est.fuentes@outlook.cl,Ñuñoa,Santiago,Región Metropolitana,11210000,0,En Revisión,2026-05-07
CLI-0151, 12.722.794-2 , Paula Rojas Vergara ,pau.rojas@sura.cl,Viña del Mar,Valparaíso,Región de Valparaíso,8390000,0,Activo,2026-01-01
CLI-0152, 21.144.931-6 , Felipe Tapia Sepúlveda ,fel.tapia@sura.cl,Temuco,Temuco,Región de la Araucanía,13480000,0,En Revisión,2026-05-06
CLI-0153,12.128.111-6, Catalina Contreras Silva ,cat.contreras@gmail.com,Viña del Mar,Valparaíso,Región de Valparaíso,17430000,15,EN REVISIÓN,2026-02-02
CLI-0154, 22.116.094-3 , Matías Fuentes Contreras ,mat.fuentes@outlook.cl,Maipú,Santiago,Región Metropolitana,4970000,90,Activo,2026-04-08
CLI-0155,21.060.298-5, Fernanda Valenzuela Araya ,fer.valenzuela@servicios.cl,La Serena,La Serena,Región de Coquimbo,11060000,0,Inactivo,2026-03-05
CLI-0156,16.770.456-K, Sebastián Rojas Silva ,seb.rojas@sura.cl,Antofagasta,Antofagasta,Región de Antofagasta,13360000,0,activo,2026-03-17
CLI-0157, 18.058.116-0 , Daniela Valenzuela Morales ,dan.valenzuela@servicios.cl,Concepción,Concepción,Región del Biobío,17060000,0,activo,2026-07-02
CLI-0158, 20.240.014-6 , Claudio Muñoz López ,cla.muñoz@gmail.com,Concepción,Concepción,Región del Biobío,11480000,0,Activo,2026-02-24
CLI-0159,14.288.735-9, Daniela Espinoza González ,dan.espinoza@empresa.cl,Ñuñoa,Santiago,Región Metropolitana,9910000,90,EN REVISIÓN,2026-03-22
CLI-0160, 13.623.382-7 ,  gabriel lópez contreras  ,gab.lópez@empresa.cl,Las Condes,Santiago,Región Metropolitana,5630000,15,En Revisión,2026-07-23
CLI-0161,22.397.117-0, MACARENA RODRÍGUEZ RODRÍGUEZ ,mac.rodríguez@consultora.cl,Ñuñoa,Santiago,Región Metropolitana,2500000,0,Activo,2026-03-28
CLI-0162, 18.733.998-0 , CLAUDIO ROJAS ARAYA ,cla.rojas@servicios.cl,Maipú,Santiago,Región Metropolitana,8090000,90,EN REVISIÓN,2026-02-13
CLI-0163,19.764.054-K, MARCELA SILVA SOTO ,mar.silva@consultora.cl,Viña del Mar,Valparaíso,Región de Valparaíso,2250000,15,activo,2026-04-16
CLI-0164,22007561-3, Sebastián Araya Espinoza ,seb.araya@consultora.cl,Santiago Centro,Santiago,Región Metropolitana,14350000,0,Activo,2026-03-04
CLI-0165, 22.022.194-3 , Paula Valenzuela Espinoza ,pau.valenzuela@consultora.cl,Santiago Centro,Santiago,Región Metropolitana,19880000,45,Inactivo,2026-01-10
CLI-0166,18620093-6, MAURICIO TAPIA SEPÚLVEDA ,mau.tapia@empresa.cl,Concepción,Concepción,Región del Biobío,7780000,0,Inactivo,2026-06-26
CLI-0167,19.714.207-1,  beatriz muñoz díaz  ,bea.muñoz@outlook.cl,Providencia,Santiago,Región Metropolitana,11000000,90,EN REVISIÓN,2026-01-24
CLI-0168, 21.072.670-4 , Hernán López Rodríguez ,her.lópez@sura.cl,Talcahuano,Concepción,Región del Biobío,6220000,90,Activo,2026-07-17
CLI-0169, 12.496.774-0 , Constanza Vergara Muñoz ,con.vergara@outlook.cl,Talcahuano,Concepción,Región del Biobío,14470000,0,En Revisión,2026-04-20
CLI-0170,15.213.079-0, Ignacio Tapia López ,ign.tapia@gmail.com,Talcahuano,Concepción,Región del Biobío,17800000,0,EN REVISIÓN,2026-06-09
CLI-0171, 15.481.798-9 , ANDREA GONZÁLEZ SILVA ,and.gonzález@consultora.cl,Santiago Centro,Santiago,Región Metropolitana,8700000,0,Inactivo,2026-03-03
CLI-0172,14.040.606-9, HERNÁN RODRÍGUEZ GONZÁLEZ ,her.rodríguez@gmail.com,Valparaíso,Valparaíso,Región de Valparaíso,16850000,15,activo,2026-06-11
CLI-0173,13.870.401-5, Camila Rojas Silva ,cam.rojas@consultora.cl,Ñuñoa,Santiago,Región Metropolitana,14880000,30,Inactivo,2026-02-23
CLI-0174,18.284.772-7, Hernán Morales Contreras ,her.morales@empresa.cl,Maipú,Santiago,Región Metropolitana,19330000,15,activo,2026-02-25
CLI-0175,15596050-3, Fernanda Fuentes Rojas ,fer.fuentes@outlook.cl,Concepción,Concepción,Región del Biobío,18830000,90,activo,2026-04-01
CLI-0176,16174998-K,  felipe rodríguez silva  ,fel.rodríguez@outlook.cl,Providencia,Santiago,Región Metropolitana,19410000,15,EN REVISIÓN,2026-03-05
CLI-0177,12.170.111-9, Andrea Espinoza Vergara ,and.espinoza@consultora.cl,Concepción,Concepción,Región del Biobío,9310000,30,En Revisión,2026-05-06
CLI-0178,21.940.732-9, Diego Araya Vergara ,die.araya@outlook.cl,Valparaíso,Valparaíso,Región de Valparaíso,6060000,120,En Revisión,2026-03-26
CLI-0179,11.144.885-4, CONSTANZA LÓPEZ MUÑOZ ,con.lópez@consultora.cl,Providencia,Santiago,Región Metropolitana,760000,90,Activo,2026-07-18
CLI-0180,15.214.856-0, Mauricio Díaz Morales ,mau.díaz@outlook.cl,Valparaíso,Valparaíso,Región de Valparaíso,5120000,120,Inactivo,2026-04-15
CLI-0181,13665216-3, Carolina Rodríguez Morales ,car.rodríguez@servicios.cl,Puerto Montt,Puerto Montt,Región de Los Lagos,13750000,0,Inactivo,2026-07-09
CLI-0182,12.466.467-9, ÁLVARO VALENZUELA VALENZUELA ,álv.valenzuela@servicios.cl,Concepción,Concepción,Región del Biobío,9580000,0,En Revisión,2026-03-24
CLI-0183, 15.099.380-3 ,  fernanda díaz valenzuela  ,fer.díaz@consultora.cl,Concepción,Concepción,Región del Biobío,19510000,90,En Revisión,2026-04-28
CLI-0184,22.249.982-5, Rodrigo Pérez Rodríguez ,rod.pérez@sura.cl,Concepción,Concepción,Región del Biobío,3040000,30,Inactivo,2026-02-01
CLI-0185,15.877.258-3,  javiera rojas araya  ,jav.rojas@empresa.cl,Concepción,Concepción,Región del Biobío,16000000,0,EN REVISIÓN,2026-02-25
CLI-0186,15.480.982-0,  diego araya lópez  ,die.araya@empresa.cl,Las Condes,Santiago,Región Metropolitana,19710000,90,En Revisión,2026-01-28
CLI-0187,18.159.339-0, Marcela Díaz Rodríguez ,mar.díaz@servicios.cl,La Serena,La Serena,Región de Coquimbo,15950000,120,EN REVISIÓN,2026-02-27
CLI-0188,17.728.851-3, Diego Muñoz Vergara ,die.muñoz@servicios.cl,Talcahuano,Concepción,Región del Biobío,15500000,0,En Revisión,2026-02-24
CLI-0189,11644274-6, Catalina Rojas Rojas ,cat.rojas@sura.cl,La Serena,La Serena,Región de Coquimbo,4380000,90,activo,2026-01-16
CLI-0190, 14.913.083-K ,  sebastián valenzuela morales  ,seb.valenzuela@outlook.cl,Talcahuano,Concepción,Región del Biobío,20140000,0,Activo,2026-07-08
CLI-0191,17.036.648-1, Constanza Rodríguez Vergara ,con.rodríguez@outlook.cl,Valparaíso,Valparaíso,Región de Valparaíso,19020000,45,Activo,2026-03-17
CLI-0192,15.417.614-1, IGNACIO SILVA ESPINOZA ,ign.silva@outlook.cl,Concepción,Concepción,Región del Biobío,19370000,120,Activo,2026-07-22
CLI-0193,20230848-3,  valentina silva muñoz  ,val.silva@gmail.com,Maipú,Santiago,Región Metropolitana,10510000,45,En Revisión,2026-06-16
CLI-0194,13.347.500-4, Sebastián Sepúlveda Silva ,seb.sepúlveda@empresa.cl,Providencia,Santiago,Región Metropolitana,20570000,90,Activo,2026-03-26
CLI-0195,21.977.460-4, Francisca Silva Muñoz ,fra.silva@gmail.com,Puerto Montt,Puerto Montt,Región de Los Lagos,640000,60,activo,2026-02-23
CLI-0196,22.258.129-1, MATÍAS MUÑOZ GONZÁLEZ ,mat.muñoz@sura.cl,Temuco,Temuco,Región de la Araucanía,4960000,45,EN REVISIÓN,2026-03-18
CLI-0197,16.632.116-2, Sofia Contreras Sepúlveda ,sof.contreras@servicios.cl,Santiago Centro,Santiago,Región Metropolitana,4540000,0,activo,2026-01-27
CLI-0198,18.781.729-8, Felipe Silva Valenzuela ,fel.silva@gmail.com,Puerto Montt,Puerto Montt,Región de Los Lagos,19860000,0,EN REVISIÓN,2026-06-01
CLI-0199,21135963-2, SOFIA PÉREZ GONZÁLEZ ,sof.pérez@outlook.cl,Maipú,Santiago,Región Metropolitana,4340000,120,En Revisión,2026-07-13
CLI-0200,21.302.188-7, RODRIGO DÍAZ LÓPEZ ,rod.díaz@outlook.cl,Viña del Mar,Valparaíso,Región de Valparaíso,14240000,120,Inactivo,2026-06-01
CLI-0201,20.402.060-0, Francisca Contreras González ,fra.contreras@outlook.cl,Viña del Mar,Valparaíso,Región de Valparaíso,1370000,0,activo,2026-06-15
CLI-0202,19244049-1,  javier morales fuentes  ,jav.morales@empresa.cl,Las Condes,Santiago,Región Metropolitana,2160000,0,activo,2026-02-27
CLI-0203,19.448.862-6, SOFIA SILVA MUÑOZ ,sof.silva@servicios.cl,La Serena,La Serena,Región de Coquimbo,15150000,0,Inactivo,2026-06-26
CLI-0204,18.906.949-2, Gonzalo López Muñoz ,gon.lópez@outlook.cl,Talcahuano,Concepción,Región del Biobío,14690000,60,Inactivo,2026-07-11
CLI-0205,19.132.132-4, CAMILA CONTRERAS SILVA ,cam.contreras@consultora.cl,Talcahuano,Concepción,Región del Biobío,8870000,15,activo,2026-06-22
CLI-0206,12.577.238-5, IGNACIO SOTO ESPINOZA ,ign.soto@outlook.cl,Concepción,Concepción,Región del Biobío,6640000,0,Inactivo,2026-04-22
CLI-0207,14.974.035-2, Daniela Díaz Araya ,dan.díaz@sura.cl,Puerto Montt,Puerto Montt,Región de Los Lagos,8010000,45,activo,2026-03-27
CLI-0208,17.189.268-3, Mauricio Morales González ,mau.morales@empresa.cl,Talcahuano,Concepción,Región del Biobío,15700000,0,EN REVISIÓN,2026-01-02
CLI-0209,15.447.490-9, Beatriz Araya Fuentes ,bea.araya@consultora.cl,Providencia,Santiago,Región Metropolitana,20250000,45,En Revisión,2026-01-08
CLI-0210,12504337-5, Diego Sepúlveda Tapia ,die.sepúlveda@sura.cl,La Serena,La Serena,Región de Coquimbo,20620000,120,Activo,2026-01-18
CLI-0211,18.375.973-3, Macarena Rojas Espinoza ,mac.rojas@outlook.cl,Viña del Mar,Valparaíso,Región de Valparaíso,7080000,60,Inactivo,2026-06-26
CLI-0212,18.622.686-3, Claudio Rojas Valenzuela ,cla.rojas@gmail.com,Maipú,Santiago,Región Metropolitana,18730000,30,EN REVISIÓN,2026-07-16
CLI-0213, 18.955.877-2 ,  paula fuentes araya  ,pau.fuentes@sura.cl,Valparaíso,Valparaíso,Región de Valparaíso,760000,45,En Revisión,2026-06-07
CLI-0214,13.544.045-8, Tomas González Silva ,tom.gonzález@outlook.cl,Santiago Centro,Santiago,Región Metropolitana,21540000,15,Inactivo,2026-02-16
CLI-0215,16288328-4, Daniela Contreras Díaz ,dan.contreras@empresa.cl,Maipú,Santiago,Región Metropolitana,9890000,90,activo,2026-07-28
CLI-0216,12.573.722-5, Javier Muñoz Espinoza ,jav.muñoz@servicios.cl,Valparaíso,Valparaíso,Región de Valparaíso,20010000,0,EN REVISIÓN,2026-06-12
CLI-0217, 15.357.005-K , Fernanda Muñoz López ,fer.muñoz@consultora.cl,Santiago Centro,Santiago,Región Metropolitana,10380000,0,Activo,2026-07-10
CLI-0218,14.126.254-8,  hernán soto muñoz  ,her.soto@outlook.cl,Viña del Mar,Valparaíso,Región de Valparaíso,21180000,60,Activo,2026-01-07
CLI-0219,17610948-8, SOFIA SILVA MORALES ,sof.silva@servicios.cl,Santiago Centro,Santiago,Región Metropolitana,8320000,15,Activo,2026-01-13
CLI-0220,16129204-0, Rodrigo Tapia González ,rod.tapia@consultora.cl,Talcahuano,Concepción,Región del Biobío,12910000,15,activo,2026-04-09
CLI-0221,14409785-2, Marcela Fuentes Araya ,mar.fuentes@empresa.cl,Talcahuano,Concepción,Región del Biobío,15030000,15,activo,2026-07-02
CLI-0222,13.831.723-5, Felipe Pérez Fuentes ,fel.pérez@empresa.cl,La Serena,La Serena,Región de Coquimbo,8390000,120,activo,2026-07-27
CLI-0223, 20.135.847-2 ,  carolina gonzález valenzuela  ,car.gonzález@outlook.cl,Temuco,Temuco,Región de la Araucanía,20680000,120,Activo,2026-03-10
CLI-0224, 13.602.416-2 , HERNÁN GONZÁLEZ PÉREZ ,her.gonzález@empresa.cl,Valparaíso,Valparaíso,Región de Valparaíso,15540000,30,Inactivo,2026-06-17
CLI-0225,17391541-7, Macarena Valenzuela Soto ,mac.valenzuela@servicios.cl,Talcahuano,Concepción,Región del Biobío,19840000,120,EN REVISIÓN,2026-04-27
CLI-0226,21710510-7, Hernán Rojas Vergara ,her.rojas@sura.cl,Talcahuano,Concepción,Región del Biobío,1290000,60,Inactivo,2026-04-10
CLI-0227,11.817.756-3, Valentina Rodríguez Díaz ,val.rodríguez@empresa.cl,La Serena,La Serena,Región de Coquimbo,13280000,120,EN REVISIÓN,2026-07-26
CLI-0228, 15.297.059-5 ,  javier silva vergara  ,jav.silva@outlook.cl,Santiago Centro,Santiago,Región Metropolitana,9610000,15,Inactivo,2026-03-11
CLI-0229,14.274.417-9, Fernanda Vergara Fuentes ,fer.vergara@outlook.cl,Talcahuano,Concepción,Región del Biobío,9000000,45,Activo,2026-03-22
CLI-0230, 16.752.592-9 , Álvaro Soto Vergara ,álv.soto@gmail.com,Santiago Centro,Santiago,Región Metropolitana,16300000,60,EN REVISIÓN,2026-05-13
CLI-0231,17.924.887-7, Paula Díaz Silva ,pau.díaz@gmail.com,Talcahuano,Concepción,Región del Biobío,6630000,30,EN REVISIÓN,2026-04-21
CLI-0232,18271689-0, Tomas Silva Fuentes ,tom.silva@servicios.cl,La Serena,La Serena,Región de Coquimbo,12030000,90,En Revisión,2026-06-15
CLI-0233, 19.431.904-7 , Loreto Valenzuela Pérez ,lor.valenzuela@servicios.cl,Temuco,Temuco,Región de la Araucanía,20450000,0,En Revisión,2026-01-18
CLI-0234,17918884-4, Rodrigo Espinoza Contreras ,rod.espinoza@sura.cl,Viña del Mar,Valparaíso,Región de Valparaíso,11870000,45,Activo,2026-06-10
CLI-0235,13536070-0, Daniela Silva Tapia ,dan.silva@gmail.com,Puerto Montt,Puerto Montt,Región de Los Lagos,14420000,120,EN REVISIÓN,2026-01-27
CLI-0236,18.671.315-3, Gabriel Valenzuela Tapia ,gab.valenzuela@empresa.cl,La Serena,La Serena,Región de Coquimbo,17280000,0,activo,2026-03-28
CLI-0237,13019670-2, ANDREA ROJAS FUENTES ,and.rojas@outlook.cl,Antofagasta,Antofagasta,Región de Antofagasta,17470000,0,EN REVISIÓN,2026-06-24
CLI-0238,18.670.989-K, MAURICIO VALENZUELA SOTO ,mau.valenzuela@sura.cl,Talcahuano,Concepción,Región del Biobío,4790000,0,activo,2026-05-20
CLI-0239,17.175.124-K, Camila Valenzuela Contreras ,cam.valenzuela@empresa.cl,Providencia,Santiago,Región Metropolitana,16040000,60,EN REVISIÓN,2026-01-15
CLI-0240, 17.751.844-0 , ESTEBAN LÓPEZ SOTO ,est.lópez@outlook.cl,La Serena,La Serena,Región de Coquimbo,21420000,0,activo,2026-06-07
CLI-0241,19.237.425-6, Carolina González Pérez ,car.gonzález@consultora.cl,Antofagasta,Antofagasta,Región de Antofagasta,12880000,0,Inactivo,2026-01-22
CLI-0242,21015512-3, Ignacio Araya Soto ,ign.araya@consultora.cl,Valparaíso,Valparaíso,Región de Valparaíso,15680000,0,Inactivo,2026-02-03
CLI-0243,13018615-9, Francisca Díaz Díaz ,fra.díaz@sura.cl,Temuco,Temuco,Región de la Araucanía,15990000,60,EN REVISIÓN,2026-05-15
CLI-0244,17.879.542-4, Javier Valenzuela López ,jav.valenzuela@empresa.cl,Temuco,Temuco,Región de la Araucanía,17730000,60,En Revisión,2026-05-13
CLI-0245, 17.948.040-3 ,  camila silva vergara  ,cam.silva@gmail.com,Antofagasta,Antofagasta,Región de Antofagasta,3140000,0,En Revisión,2026-06-18
CLI-0246,17.723.690-1, Ignacio Soto Morales ,ign.soto@outlook.cl,La Serena,La Serena,Región de Coquimbo,8840000,15,En Revisión,2026-04-24
CLI-0247,20.227.751-1, VALENTINA GONZÁLEZ TAPIA ,val.gonzález@servicios.cl,Santiago Centro,Santiago,Región Metropolitana,17530000,0,En Revisión,2026-03-26
CLI-0248,19.331.716-2, Gabriel Morales Contreras ,gab.morales@gmail.com,Talcahuano,Concepción,Región del Biobío,17070000,0,En Revisión,2026-04-03
CLI-0249,17.165.614-7, Marcela Valenzuela Espinoza ,mar.valenzuela@outlook.cl,Temuco,Temuco,Región de la Araucanía,9330000,120,Inactivo,2026-06-05
CLI-0250,21.074.922-3, RODRIGO FUENTES ARAYA ,rod.fuentes@outlook.cl,Las Condes,Santiago,Región Metropolitana,3140000,120,En Revisión,2026-07-13
CLI-0251,18.690.873-3,  daniela rodríguez muñoz  ,dan.rodríguez@consultora.cl,Providencia,Santiago,Región Metropolitana,5220000,120,En Revisión,2026-07-18
CLI-0252,15.944.823-1, Gonzalo Fuentes Tapia ,gon.fuentes@servicios.cl,Las Condes,Santiago,Región Metropolitana,9630000,0,EN REVISIÓN,2026-02-23
CLI-0253,18958546-6, Javiera Espinoza Valenzuela ,jav.espinoza@servicios.cl,Puerto Montt,Puerto Montt,Región de Los Lagos,18450000,60,Inactivo,2026-05-12
CLI-0254,13.329.525-0, Cristián Tapia Vergara ,cri.tapia@sura.cl,Santiago Centro,Santiago,Región Metropolitana,8140000,90,Inactivo,2026-06-25
CLI-0255,19.148.073-2, Constanza Vergara Valenzuela ,con.vergara@outlook.cl,Ñuñoa,Santiago,Región Metropolitana,9520000,0,EN REVISIÓN,2026-03-19
CLI-0256,16.287.875-4, Felipe González González ,fel.gonzález@sura.cl,Puerto Montt,Puerto Montt,Región de Los Lagos,21070000,60,En Revisión,2026-03-22
CLI-0257,12886659-4, Marcela Espinoza López ,mar.espinoza@sura.cl,Puerto Montt,Puerto Montt,Región de Los Lagos,21890000,30,activo,2026-02-18
CLI-0258,15042157-3, Álvaro Soto Silva ,álv.soto@consultora.cl,Antofagasta,Antofagasta,Región de Antofagasta,6190000,120,activo,2026-03-20
CLI-0259,20616469-6,  marcela rodríguez araya  ,mar.rodríguez@outlook.cl,Puerto Montt,Puerto Montt,Región de Los Lagos,7270000,0,Activo,2026-06-06
CLI-0260, 21.323.918-1 , Javier Sepúlveda Contreras ,jav.sepúlveda@gmail.com,Temuco,Temuco,Región de la Araucanía,13320000,15,Inactivo,2026-05-20
CLI-0261,16.003.120-8, CAROLINA RODRÍGUEZ ARAYA ,car.rodríguez@servicios.cl,Valparaíso,Valparaíso,Región de Valparaíso,12750000,0,Inactivo,2026-06-16
CLI-0262,15.610.715-5,  sebastián morales fuentes  ,seb.morales@consultora.cl,Temuco,Temuco,Región de la Araucanía,20190000,45,En Revisión,2026-02-06
CLI-0263,11.000.930-9, Valentina Araya Rodríguez ,val.araya@gmail.com,Las Condes,Santiago,Región Metropolitana,900000,0,EN REVISIÓN,2026-07-18
CLI-0264, 11.314.663-7 , Cristián Espinoza Vergara ,cri.espinoza@servicios.cl,Puerto Montt,Puerto Montt,Región de Los Lagos,5030000,60,EN REVISIÓN,2026-07-14
CLI-0265, 12.928.449-8 ,  macarena espinoza lópez  ,mac.espinoza@outlook.cl,Las Condes,Santiago,Región Metropolitana,9160000,0,Activo,2026-01-04
CLI-0266,15.152.724-3, Ignacio Valenzuela Morales ,ign.valenzuela@gmail.com,Providencia,Santiago,Región Metropolitana,4370000,0,Inactivo,2026-06-27
CLI-0267,18.597.293-3, Catalina Díaz Araya ,cat.díaz@outlook.cl,Talcahuano,Concepción,Región del Biobío,7770000,60,EN REVISIÓN,2026-06-05
CLI-0268, 13.273.886-0 , JAVIER TAPIA CONTRERAS ,jav.tapia@sura.cl,Santiago Centro,Santiago,Región Metropolitana,16450000,0,activo,2026-07-21
CLI-0269,12.019.596-4,  javiera pérez lópez  ,jav.pérez@empresa.cl,Puerto Montt,Puerto Montt,Región de Los Lagos,16720000,120,EN REVISIÓN,2026-06-03
CLI-0270, 22.046.704-5 , Cristián González Sepúlveda ,cri.gonzález@empresa.cl,Ñuñoa,Santiago,Región Metropolitana,18280000,0,EN REVISIÓN,2026-07-02
CLI-0271,15.803.213-7, Catalina Soto Silva ,cat.soto@empresa.cl,Puerto Montt,Puerto Montt,Región de Los Lagos,8020000,0,EN REVISIÓN,2026-04-04
CLI-0272,20522529-8, Cristián Pérez Araya ,cri.pérez@servicios.cl,Ñuñoa,Santiago,Región Metropolitana,4310000,0,activo,2026-03-04
CLI-0273,17549161-0, BEATRIZ ESPINOZA PÉREZ ,bea.espinoza@sura.cl,Santiago Centro,Santiago,Región Metropolitana,14610000,90,En Revisión,2026-02-03
CLI-0274,13.024.456-3, Rodrigo Araya Contreras ,rod.araya@sura.cl,Antofagasta,Antofagasta,Región de Antofagasta,21810000,90,Activo,2026-05-28
CLI-0275, 19.686.743-6 , Catalina Tapia Fuentes ,cat.tapia@consultora.cl,Antofagasta,Antofagasta,Región de Antofagasta,8280000,15,En Revisión,2026-07-05
CLI-0276, 21.045.510-0 , MATÍAS ROJAS DÍAZ ,mat.rojas@servicios.cl,Viña del Mar,Valparaíso,Región de Valparaíso,20880000,0,activo,2026-04-18
CLI-0277,13.451.347-2, Andrea González Sepúlveda ,and.gonzález@outlook.cl,Antofagasta,Antofagasta,Región de Antofagasta,1420000,0,En Revisión,2026-04-14
CLI-0278, 12.643.286-2 , Tomas Araya Tapia ,tom.araya@sura.cl,Concepción,Concepción,Región del Biobío,6650000,45,EN REVISIÓN,2026-02-08
CLI-0279,18.223.820-2, Loreto Silva Pérez ,lor.silva@servicios.cl,Antofagasta,Antofagasta,Región de Antofagasta,15480000,30,En Revisión,2026-07-03
CLI-0280,16396429-1, Diego Silva Espinoza ,die.silva@empresa.cl,Las Condes,Santiago,Región Metropolitana,6900000,0,Activo,2026-05-28
CLI-0281,13.913.938-0, Andrea Tapia Pérez ,and.tapia@consultora.cl,Puerto Montt,Puerto Montt,Región de Los Lagos,12480000,0,EN REVISIÓN,2026-01-07
CLI-0282,17.108.951-7, RODRIGO LÓPEZ SOTO ,rod.lópez@empresa.cl,Ñuñoa,Santiago,Región Metropolitana,21740000,90,Activo,2026-04-02
CLI-0283, 13.869.290-4 , Constanza Araya Fuentes ,con.araya@sura.cl,La Serena,La Serena,Región de Coquimbo,20470000,15,Activo,2026-07-02
CLI-0284,20.974.505-1, Gabriel Soto Rojas ,gab.soto@consultora.cl,Concepción,Concepción,Región del Biobío,20820000,45,EN REVISIÓN,2026-05-01
CLI-0285, 12.564.358-1 , Javiera Silva Araya ,jav.silva@gmail.com,Providencia,Santiago,Región Metropolitana,19200000,15,En Revisión,2026-02-10
CLI-0286, 15.753.418-K , Rodrigo Rodríguez Soto ,rod.rodríguez@outlook.cl,La Serena,La Serena,Región de Coquimbo,18120000,45,En Revisión,2026-06-14
CLI-0287,18814628-6, Valentina Vergara Vergara ,val.vergara@gmail.com,Las Condes,Santiago,Región Metropolitana,16670000,120,Inactivo,2026-07-09
CLI-0288,17874958-4, Tomas Sepúlveda Vergara ,tom.sepúlveda@gmail.com,Maipú,Santiago,Región Metropolitana,4870000,15,activo,2026-07-07
CLI-0289, 16.965.529-2 ,  valentina contreras rojas  ,val.contreras@sura.cl,Puerto Montt,Puerto Montt,Región de Los Lagos,910000,60,activo,2026-01-17
CLI-0290,13391356-5,  esteban araya pérez  ,est.araya@outlook.cl,Santiago Centro,Santiago,Región Metropolitana,19410000,0,Inactivo,2026-05-01
CLI-0291,20772777-8, MARCELA VERGARA VALENZUELA ,mar.vergara@gmail.com,Providencia,Santiago,Región Metropolitana,1130000,30,En Revisión,2026-07-03
CLI-0292, 11.401.900-2 , Javier Díaz Espinoza ,jav.díaz@outlook.cl,Viña del Mar,Valparaíso,Región de Valparaíso,5310000,15,activo,2026-03-04
CLI-0293,11702055-6, SOFIA MUÑOZ MUÑOZ ,sof.muñoz@servicios.cl,Providencia,Santiago,Región Metropolitana,11570000,30,Activo,2026-05-05
CLI-0294,20.890.986-K, CRISTIÁN SILVA ARAYA ,cri.silva@empresa.cl,Maipú,Santiago,Región Metropolitana,10500000,30,Inactivo,2026-03-27
CLI-0295,18658986-5, Constanza Contreras González ,con.contreras@empresa.cl,Maipú,Santiago,Región Metropolitana,9560000,45,Inactivo,2026-06-09
CLI-0296,14744482-7, Claudio Espinoza Vergara ,cla.espinoza@consultora.cl,Concepción,Concepción,Región del Biobío,19080000,90,En Revisión,2026-01-12
CLI-0297,13.567.526-1, Camila Fuentes González ,cam.fuentes@servicios.cl,Antofagasta,Antofagasta,Región de Antofagasta,4090000,15,EN REVISIÓN,2026-07-05
CLI-0298,14046123-2, Sebastián Contreras Tapia ,seb.contreras@consultora.cl,Providencia,Santiago,Región Metropolitana,14620000,0,activo,2026-06-17
CLI-0299,11337710-K,  catalina morales sepúlveda  ,cat.morales@gmail.com,La Serena,La Serena,Región de Coquimbo,19830000,45,Inactivo,2026-05-17
CLI-0300,11.750.826-1, Sebastián Soto Rojas ,seb.soto@sura.cl,Santiago Centro,Santiago,Región Metropolitana,10280000,30,EN REVISIÓN,2026-02-15
CLI-0301,13.137.745-7, Javiera Soto Soto ,jav.soto@gmail.com,Ñuñoa,Santiago,Región Metropolitana,17440000,15,EN REVISIÓN,2026-02-06
CLI-0302,13.496.683-7, Gonzalo Valenzuela Rodríguez ,gon.valenzuela@consultora.cl,Viña del Mar,Valparaíso,Región de Valparaíso,9750000,0,activo,2026-01-06
CLI-0303,15154631-6, Catalina González Contreras ,cat.gonzález@gmail.com,Talcahuano,Concepción,Región del Biobío,4930000,60,En Revisión,2026-04-15
CLI-0304,22.429.727-0, FELIPE GONZÁLEZ ROJAS ,fel.gonzález@sura.cl,Talcahuano,Concepción,Región del Biobío,16940000,120,Activo,2026-04-11
CLI-0305,19.561.465-8, CONSTANZA SEPÚLVEDA FUENTES ,con.sepúlveda@servicios.cl,Santiago Centro,Santiago,Región Metropolitana,14280000,120,En Revisión,2026-05-12
CLI-0306,11.565.633-2, GONZALO ROJAS SOTO ,gon.rojas@sura.cl,Santiago Centro,Santiago,Región Metropolitana,7240000,45,EN REVISIÓN,2026-01-16
CLI-0307,14.570.317-2, Camila Rojas González ,cam.rojas@sura.cl,Talcahuano,Concepción,Región del Biobío,21490000,45,Inactivo,2026-04-24
CLI-0308, 20.807.597-0 , Hernán Pérez López ,her.pérez@gmail.com,Las Condes,Santiago,Región Metropolitana,2870000,45,Activo,2026-07-01
CLI-0309,20818268-6, VALENTINA GONZÁLEZ CONTRERAS ,val.gonzález@servicios.cl,Antofagasta,Antofagasta,Región de Antofagasta,6550000,45,En Revisión,2026-02-26
CLI-0310, 11.920.183-K , Ignacio Contreras Pérez ,ign.contreras@gmail.com,Santiago Centro,Santiago,Región Metropolitana,9310000,45,activo,2026-06-23
CLI-0311,22174016-3, Sofia Espinoza Fuentes ,sof.espinoza@servicios.cl,Valparaíso,Valparaíso,Región de Valparaíso,17590000,0,Activo,2026-03-02
CLI-0312, 20.502.004-6 , SEBASTIÁN ARAYA PÉREZ ,seb.araya@gmail.com,Temuco,Temuco,Región de la Araucanía,19340000,0,activo,2026-01-20
CLI-0313,14.750.266-K,  loreto pérez pérez  ,lor.pérez@sura.cl,Valparaíso,Valparaíso,Región de Valparaíso,5440000,120,En Revisión,2026-06-16
CLI-0314,14.754.313-4, MATÍAS FUENTES ESPINOZA ,mat.fuentes@outlook.cl,Providencia,Santiago,Región Metropolitana,12170000,0,activo,2026-04-06
CLI-0315, 16.228.639-5 , MACARENA MUÑOZ ARAYA ,mac.muñoz@consultora.cl,Santiago Centro,Santiago,Región Metropolitana,17680000,0,En Revisión,2026-06-15
CLI-0316, 21.781.456-4 , Javier Araya Pérez ,jav.araya@gmail.com,Temuco,Temuco,Región de la Araucanía,5690000,90,activo,2026-01-18
CLI-0317,21.140.047-5, SOFIA SOTO PÉREZ ,sof.soto@outlook.cl,Temuco,Temuco,Región de la Araucanía,20150000,30,En Revisión,2026-02-12
CLI-0318, 17.186.427-9 , Matías Morales González ,mat.morales@sura.cl,Valparaíso,Valparaíso,Región de Valparaíso,13530000,0,En Revisión,2026-06-22
CLI-0319,19.011.762-1, Valentina Pérez Silva ,val.pérez@empresa.cl,Temuco,Temuco,Región de la Araucanía,20320000,90,Inactivo,2026-03-04
CLI-0320,13788476-9, TOMAS PÉREZ MORALES ,tom.pérez@consultora.cl,Antofagasta,Antofagasta,Región de Antofagasta,10470000,120,Activo,2026-04-22
CLI-0321, 12.812.552-0 ,  constanza lópez lópez  ,con.lópez@gmail.com,Las Condes,Santiago,Región Metropolitana,3610000,90,EN REVISIÓN,2026-05-23
CLI-0322, 16.723.002-0 ,  tomas tapia vergara  ,tom.tapia@consultora.cl,Las Condes,Santiago,Región Metropolitana,20030000,0,En Revisión,2026-06-02
CLI-0323,13.044.577-K, Paula Tapia Espinoza ,pau.tapia@empresa.cl,Valparaíso,Valparaíso,Región de Valparaíso,15800000,0,En Revisión,2026-01-17
CLI-0324,19940033-9, Diego Morales Araya ,die.morales@outlook.cl,Temuco,Temuco,Región de la Araucanía,1460000,45,Activo,2026-01-12
CLI-0325,18.612.743-1,  sofia soto valenzuela  ,sof.soto@servicios.cl,Concepción,Concepción,Región del Biobío,690000,120,En Revisión,2026-03-04
CLI-0326,16724811-4, Mauricio Rojas López ,mau.rojas@servicios.cl,Temuco,Temuco,Región de la Araucanía,9690000,0,Activo,2026-07-26
CLI-0327, 21.528.661-4 , SOFIA SILVA ROJAS ,sof.silva@gmail.com,Maipú,Santiago,Región Metropolitana,10710000,45,EN REVISIÓN,2026-05-14
CLI-0328,11.589.484-7, TOMAS FUENTES VALENZUELA ,tom.fuentes@empresa.cl,La Serena,La Serena,Región de Coquimbo,3170000,60,Inactivo,2026-04-09
CLI-0329,22.143.256-0, Carolina Silva Fuentes ,car.silva@empresa.cl,Providencia,Santiago,Región Metropolitana,7360000,15,Activo,2026-05-04
CLI-0330, 14.777.630-2 ,  claudio valenzuela muñoz  ,cla.valenzuela@empresa.cl,Valparaíso,Valparaíso,Región de Valparaíso,20490000,0,EN REVISIÓN,2026-03-27
CLI-0331,15701172-8, Beatriz Fuentes Araya ,bea.fuentes@gmail.com,Temuco,Temuco,Región de la Araucanía,21270000,30,EN REVISIÓN,2026-05-01
CLI-0332, 16.433.272-3 ,  claudio silva silva  ,cla.silva@empresa.cl,La Serena,La Serena,Región de Coquimbo,5420000,0,Activo,2026-04-18
CLI-0333,14.781.887-6, MACARENA FUENTES SEPÚLVEDA ,mac.fuentes@sura.cl,Maipú,Santiago,Región Metropolitana,12090000,60,activo,2026-07-02
CLI-0334, 21.632.921-6 ,  sebastián contreras tapia  ,seb.contreras@empresa.cl,Viña del Mar,Valparaíso,Región de Valparaíso,14880000,0,EN REVISIÓN,2026-03-01
CLI-0335,16494746-5, Andrea Sepúlveda Valenzuela ,and.sepúlveda@consultora.cl,Providencia,Santiago,Región Metropolitana,15650000,30,activo,2026-02-03
CLI-0336,14680066-K, MATÍAS ARAYA PÉREZ ,mat.araya@sura.cl,Viña del Mar,Valparaíso,Región de Valparaíso,18750000,90,Inactivo,2026-04-24
CLI-0337,16.778.830-K, Catalina Muñoz López ,cat.muñoz@sura.cl,Valparaíso,Valparaíso,Región de Valparaíso,13560000,0,En Revisión,2026-07-24
CLI-0338, 11.385.229-7 , Ignacio Silva Muñoz ,ign.silva@gmail.com,Las Condes,Santiago,Región Metropolitana,5480000,0,Inactivo,2026-04-28
CLI-0339,17.768.195-8, Francisca Sepúlveda Valenzuela ,fra.sepúlveda@consultora.cl,Talcahuano,Concepción,Región del Biobío,20820000,30,EN REVISIÓN,2026-01-16
CLI-0340,12.820.959-5, Rodrigo Tapia Díaz ,rod.tapia@empresa.cl,Valparaíso,Valparaíso,Región de Valparaíso,17980000,15,Inactivo,2026-03-18
CLI-0341,19.868.589-5,  paula silva muñoz  ,pau.silva@empresa.cl,Las Condes,Santiago,Región Metropolitana,1500000,0,Activo,2026-04-25
CLI-0342,19.595.950-5, Sebastián Muñoz Morales ,seb.muñoz@empresa.cl,Ñuñoa,Santiago,Región Metropolitana,1610000,0,Inactivo,2026-05-17
CLI-0343,12123240-4, CAMILA ROJAS MORALES ,cam.rojas@outlook.cl,Ñuñoa,Santiago,Región Metropolitana,4700000,120,En Revisión,2026-05-28
CLI-0344, 21.973.771-K , GABRIEL ARAYA GONZÁLEZ ,gab.araya@empresa.cl,Antofagasta,Antofagasta,Región de Antofagasta,3970000,30,activo,2026-02-15
CLI-0345,11.664.625-K, SOFIA ESPINOZA GONZÁLEZ ,sof.espinoza@outlook.cl,Maipú,Santiago,Región Metropolitana,13230000,15,activo,2026-04-14
CLI-0346,11.006.460-0, Claudio López Rodríguez ,cla.lópez@consultora.cl,Temuco,Temuco,Región de la Araucanía,4920000,0,activo,2026-04-14
CLI-0347,19.919.858-2, Paula Rojas Contreras ,pau.rojas@consultora.cl,Santiago Centro,Santiago,Región Metropolitana,5470000,15,EN REVISIÓN,2026-03-03
CLI-0348,18.968.758-6, Felipe Araya Fuentes ,fel.araya@consultora.cl,Santiago Centro,Santiago,Región Metropolitana,17350000,15,activo,2026-01-18
CLI-0349,17.077.140-3,  camila valenzuela rojas  ,cam.valenzuela@servicios.cl,Temuco,Temuco,Región de la Araucanía,8570000,30,activo,2026-07-10
CLI-0350,17.329.221-2, Javier Tapia Fuentes ,jav.tapia@outlook.cl,Providencia,Santiago,Región Metropolitana,6020000,15,Inactivo,2026-03-23
CLI-0351,11.996.907-K, FRANCISCA LÓPEZ DÍAZ ,fra.lópez@servicios.cl,Providencia,Santiago,Región Metropolitana,11820000,30,activo,2026-01-14
CLI-0352,14962382-4, Diego Muñoz Fuentes ,die.muñoz@sura.cl,Temuco,Temuco,Región de la Araucanía,4300000,0,En Revisión,2026-04-28
CLI-0353, 11.719.561-0 , Andrea López González ,and.lópez@empresa.cl,La Serena,La Serena,Región de Coquimbo,19200000,90,activo,2026-06-04
CLI-0354,14.134.648-9,  ignacio pérez vergara  ,ign.pérez@sura.cl,Maipú,Santiago,Región Metropolitana,9380000,0,Activo,2026-01-08
CLI-0355,11040355-4,  javiera rodríguez silva  ,jav.rodríguez@servicios.cl,Providencia,Santiago,Región Metropolitana,14930000,120,Inactivo,2026-01-06
CLI-0356,19.577.833-1, Javier Contreras Rodríguez ,jav.contreras@outlook.cl,Temuco,Temuco,Región de la Araucanía,20930000,0,Activo,2026-02-13
CLI-0357,18.089.185-5, Francisca Muñoz López ,fra.muñoz@consultora.cl,Antofagasta,Antofagasta,Región de Antofagasta,16170000,0,En Revisión,2026-06-28
CLI-0358,15346894-6, Esteban López Vergara ,est.lópez@consultora.cl,Talcahuano,Concepción,Región del Biobío,21340000,15,Inactivo,2026-01-16
CLI-0359,17.428.855-K, PAULA VERGARA SILVA ,pau.vergara@consultora.cl,Providencia,Santiago,Región Metropolitana,16560000,30,activo,2026-04-11
CLI-0360, 16.351.348-6 , Javier Vergara Pérez ,jav.vergara@consultora.cl,Santiago Centro,Santiago,Región Metropolitana,7850000,15,EN REVISIÓN,2026-07-04
CLI-0361,18.066.386-0, Marcela Contreras Soto ,mar.contreras@consultora.cl,Puerto Montt,Puerto Montt,Región de Los Lagos,13330000,60,En Revisión,2026-03-07
CLI-0362,21043067-5, Gabriel Contreras López ,gab.contreras@sura.cl,Viña del Mar,Valparaíso,Región de Valparaíso,7860000,60,Activo,2026-06-10
CLI-0363,18770320-1, Javiera Soto Silva ,jav.soto@sura.cl,Santiago Centro,Santiago,Región Metropolitana,19750000,0,Activo,2026-07-01
CLI-0364,18.809.561-9, Álvaro López Araya ,álv.lópez@outlook.cl,Valparaíso,Valparaíso,Región de Valparaíso,21880000,60,EN REVISIÓN,2026-03-13
CLI-0365,22.471.805-K, Carolina Silva Rodríguez ,car.silva@consultora.cl,Providencia,Santiago,Región Metropolitana,6910000,0,EN REVISIÓN,2026-04-24
CLI-0366,20.368.247-9,  cristián valenzuela soto  ,cri.valenzuela@sura.cl,Viña del Mar,Valparaíso,Región de Valparaíso,6270000,0,Activo,2026-06-12
CLI-0367,18892472-7, Carolina Sepúlveda Araya ,car.sepúlveda@sura.cl,Providencia,Santiago,Región Metropolitana,8320000,0,EN REVISIÓN,2026-01-17
CLI-0368,13611488-2, Rodrigo Fuentes Rojas ,rod.fuentes@outlook.cl,Valparaíso,Valparaíso,Región de Valparaíso,21590000,0,Activo,2026-01-24
CLI-0369,17544238-6, Fernanda López Silva ,fer.lópez@outlook.cl,Puerto Montt,Puerto Montt,Región de Los Lagos,20610000,120,Inactivo,2026-07-16
CLI-0370,20.238.579-6, FELIPE DÍAZ RODRÍGUEZ ,fel.díaz@sura.cl,Concepción,Concepción,Región del Biobío,11730000,0,Activo,2026-07-06
CLI-0371,12.170.250-5,  valentina contreras fuentes  ,val.contreras@gmail.com,Antofagasta,Antofagasta,Región de Antofagasta,12430000,0,Activo,2026-06-18
CLI-0372,18844610-4, TOMAS LÓPEZ SOTO ,tom.lópez@gmail.com,Valparaíso,Valparaíso,Región de Valparaíso,21400000,15,Inactivo,2026-06-27
CLI-0373,21.710.466-4, Constanza Tapia Sepúlveda ,con.tapia@gmail.com,Providencia,Santiago,Región Metropolitana,13880000,60,EN REVISIÓN,2026-06-06
CLI-0374,18.441.773-K,  cristián valenzuela valenzuela  ,cri.valenzuela@gmail.com,Providencia,Santiago,Región Metropolitana,19230000,120,Activo,2026-05-12
CLI-0375,16.201.734-5, PAULA MORALES SILVA ,pau.morales@empresa.cl,Antofagasta,Antofagasta,Región de Antofagasta,19300000,0,En Revisión,2026-06-12
CLI-0376,20923128-9, Mauricio González Vergara ,mau.gonzález@empresa.cl,Valparaíso,Valparaíso,Región de Valparaíso,16150000,0,En Revisión,2026-07-13
CLI-0377, 13.127.689-6 ,  camila rojas lópez  ,cam.rojas@consultora.cl,Concepción,Concepción,Región del Biobío,2910000,0,Inactivo,2026-03-27
CLI-0378,12.819.085-3, Mauricio Rodríguez Rojas ,mau.rodríguez@consultora.cl,Talcahuano,Concepción,Región del Biobío,1380000,0,activo,2026-03-26
CLI-0379,15.243.099-8,  carolina espinoza díaz  ,car.espinoza@consultora.cl,Maipú,Santiago,Región Metropolitana,18590000,60,Inactivo,2026-05-02
CLI-0380,12340018-9, CLAUDIO ROJAS PÉREZ ,cla.rojas@empresa.cl,Antofagasta,Antofagasta,Región de Antofagasta,5880000,0,activo,2026-01-26
CLI-0381,19.227.000-9, Constanza Silva Muñoz ,con.silva@sura.cl,La Serena,La Serena,Región de Coquimbo,3440000,0,Inactivo,2026-02-25
CLI-0382,13.686.668-5, Ignacio Pérez Vergara ,ign.pérez@gmail.com,Ñuñoa,Santiago,Región Metropolitana,9310000,0,EN REVISIÓN,2026-02-06
CLI-0383,11.155.046-6,  paula fuentes rojas  ,pau.fuentes@outlook.cl,Viña del Mar,Valparaíso,Región de Valparaíso,20470000,0,Activo,2026-02-18
CLI-0384,18.925.361-6, Mauricio Sepúlveda Rojas ,mau.sepúlveda@sura.cl,Antofagasta,Antofagasta,Región de Antofagasta,20390000,0,Activo,2026-01-19
CLI-0385,17.830.539-7, Javiera Araya Rojas ,jav.araya@consultora.cl,Talcahuano,Concepción,Región del Biobío,7710000,0,EN REVISIÓN,2026-05-25
CLI-0386,15107618-7, Álvaro López Silva ,álv.lópez@empresa.cl,Maipú,Santiago,Región Metropolitana,2150000,60,En Revisión,2026-02-24
CLI-0387,14831577-1, MARCELA ROJAS MUÑOZ ,mar.rojas@sura.cl,La Serena,La Serena,Región de Coquimbo,1910000,15,Inactivo,2026-02-17
CLI-0388,21.035.069-7, Gabriel Muñoz Espinoza ,gab.muñoz@gmail.com,Providencia,Santiago,Región Metropolitana,18650000,45,EN REVISIÓN,2026-07-11
CLI-0389, 17.114.870-6 , Javiera Espinoza Contreras ,jav.espinoza@empresa.cl,Maipú,Santiago,Región Metropolitana,17590000,120,En Revisión,2026-02-16
CLI-0390, 13.709.077-9 , Cristián Soto Tapia ,cri.soto@gmail.com,Las Condes,Santiago,Región Metropolitana,21380000,30,activo,2026-03-06
CLI-0391,12727815-0, ANDREA DÍAZ TAPIA ,and.díaz@servicios.cl,Concepción,Concepción,Región del Biobío,10360000,0,activo,2026-01-06
CLI-0392, 16.731.889-7 , Mauricio Díaz Silva ,mau.díaz@consultora.cl,Puerto Montt,Puerto Montt,Región de Los Lagos,9540000,60,Activo,2026-07-17
CLI-0393, 15.941.938-2 ,  catalina espinoza valenzuela  ,cat.espinoza@gmail.com,Talcahuano,Concepción,Región del Biobío,2380000,120,activo,2026-01-24
CLI-0394,13214911-5, Esteban Vergara Pérez ,est.vergara@outlook.cl,Providencia,Santiago,Región Metropolitana,1820000,45,EN REVISIÓN,2026-05-07
CLI-0395,21.406.401-6, Carolina Araya López ,car.araya@outlook.cl,Antofagasta,Antofagasta,Región de Antofagasta,19680000,0,Inactivo,2026-01-11
CLI-0396,16.484.106-5,  esteban díaz rojas  ,est.díaz@consultora.cl,Talcahuano,Concepción,Región del Biobío,16970000,30,Activo,2026-07-25
CLI-0397, 11.947.956-9 , Marcela Sepúlveda Pérez ,mar.sepúlveda@gmail.com,Santiago Centro,Santiago,Región Metropolitana,9840000,0,EN REVISIÓN,2026-03-14
CLI-0398,14084888-K, Diego Contreras Araya ,die.contreras@sura.cl,Las Condes,Santiago,Región Metropolitana,16360000,90,EN REVISIÓN,2026-07-20
CLI-0399, 22.392.295-7 ,  macarena muñoz morales  ,mac.muñoz@consultora.cl,Providencia,Santiago,Región Metropolitana,11510000,90,Inactivo,2026-07-03
CLI-0400,13411907-8, RODRIGO CONTRERAS SOTO ,rod.contreras@consultora.cl,Antofagasta,Antofagasta,Región de Antofagasta,3090000,30,En Revisión,2026-05-18
CLI-0401,19.452.816-9, PAULA SEPÚLVEDA SEPÚLVEDA ,pau.sepúlveda@sura.cl,Providencia,Santiago,Región Metropolitana,13060000,30,Inactivo,2026-04-21
CLI-0402, 11.094.056-2 , Javier Tapia Espinoza ,jav.tapia@sura.cl,Valparaíso,Valparaíso,Región de Valparaíso,780000,0,EN REVISIÓN,2026-04-14
CLI-0403,14.637.441-K, JAVIERA FUENTES MORALES ,jav.fuentes@gmail.com,Concepción,Concepción,Región del Biobío,640000,15,EN REVISIÓN,2026-02-17
CLI-0404, 21.906.214-3 , RODRIGO SOTO VERGARA ,rod.soto@servicios.cl,Temuco,Temuco,Región de la Araucanía,2160000,60,En Revisión,2026-02-23
CLI-0405,19.780.884-9, Catalina Pérez Díaz ,cat.pérez@outlook.cl,Valparaíso,Valparaíso,Región de Valparaíso,18780000,0,Inactivo,2026-03-17
CLI-0406,19.719.398-K, Hernán López Contreras ,her.lópez@servicios.cl,Puerto Montt,Puerto Montt,Región de Los Lagos,15740000,15,EN REVISIÓN,2026-04-14
CLI-0407,15800408-5, Beatriz Muñoz Díaz ,bea.muñoz@consultora.cl,Concepción,Concepción,Región del Biobío,8210000,0,Inactivo,2026-02-05
CLI-0408,11768224-1, HERNÁN FUENTES VALENZUELA ,her.fuentes@sura.cl,Antofagasta,Antofagasta,Región de Antofagasta,6250000,120,activo,2026-02-02
CLI-0409,18.136.797-1, Catalina Rojas Sepúlveda ,cat.rojas@gmail.com,Valparaíso,Valparaíso,Región de Valparaíso,4530000,0,En Revisión,2026-06-19
CLI-0410,22.208.727-4, Cristián Espinoza Vergara ,cri.espinoza@gmail.com,Maipú,Santiago,Región Metropolitana,13630000,120,Activo,2026-04-11
CLI-0411,12.693.162-2, CAMILA ESPINOZA SEPÚLVEDA ,cam.espinoza@outlook.cl,Maipú,Santiago,Región Metropolitana,7330000,0,EN REVISIÓN,2026-03-19
CLI-0412,17.952.914-2, HERNÁN GONZÁLEZ CONTRERAS ,her.gonzález@gmail.com,Maipú,Santiago,Región Metropolitana,13530000,120,activo,2026-07-16
CLI-0413,19.674.606-K, Francisca Silva Valenzuela ,fra.silva@sura.cl,Valparaíso,Valparaíso,Región de Valparaíso,3120000,90,activo,2026-01-28
CLI-0414,22376288-1, Tomas Vergara Araya ,tom.vergara@sura.cl,Maipú,Santiago,Región Metropolitana,17500000,60,En Revisión,2026-02-25
CLI-0415, 13.265.380-1 , Daniela López Silva ,dan.lópez@servicios.cl,Santiago Centro,Santiago,Región Metropolitana,1130000,45,Activo,2026-03-20
CLI-0416,13658191-7, Diego Morales López ,die.morales@consultora.cl,Antofagasta,Antofagasta,Región de Antofagasta,14950000,60,Inactivo,2026-04-13
CLI-0417, 20.174.207-2 ,  fernanda morales gonzález  ,fer.morales@consultora.cl,Maipú,Santiago,Región Metropolitana,18900000,45,Inactivo,2026-03-18
CLI-0418,15956189-5, SEBASTIÁN CONTRERAS SILVA ,seb.contreras@empresa.cl,Santiago Centro,Santiago,Región Metropolitana,10970000,45,EN REVISIÓN,2026-04-26
CLI-0419, 22.378.663-3 , JAVIERA DÍAZ ROJAS ,jav.díaz@consultora.cl,Ñuñoa,Santiago,Región Metropolitana,7400000,0,Inactivo,2026-04-03
CLI-0420, 11.132.063-6 , CRISTIÁN GONZÁLEZ PÉREZ ,cri.gonzález@servicios.cl,Valparaíso,Valparaíso,Región de Valparaíso,2740000,15,Inactivo,2026-06-18
CLI-0421,16.930.582-3, Francisca Espinoza Rojas ,fra.espinoza@consultora.cl,Viña del Mar,Valparaíso,Región de Valparaíso,5990000,90,En Revisión,2026-03-10
CLI-0422, 15.950.657-5 , Sebastián Valenzuela Sepúlveda ,seb.valenzuela@gmail.com,Maipú,Santiago,Región Metropolitana,6660000,60,En Revisión,2026-04-01
CLI-0423,11954776-2,  carolina gonzález soto  ,car.gonzález@gmail.com,Maipú,Santiago,Región Metropolitana,15930000,0,Activo,2026-04-20
CLI-0424,20.646.993-7, Diego Silva Araya ,die.silva@servicios.cl,Antofagasta,Antofagasta,Región de Antofagasta,20010000,0,Activo,2026-06-17
CLI-0425,11.750.197-7, Sofia Rodríguez Espinoza ,sof.rodríguez@sura.cl,Talcahuano,Concepción,Región del Biobío,14720000,0,Inactivo,2026-06-23
CLI-0426,11.770.984-4, Gabriel Muñoz Araya ,gab.muñoz@gmail.com,Concepción,Concepción,Región del Biobío,16930000,0,Activo,2026-04-24
CLI-0427, 19.079.232-2 ,  beatriz araya valenzuela  ,bea.araya@consultora.cl,Maipú,Santiago,Región Metropolitana,21540000,90,Activo,2026-03-08
CLI-0428, 12.454.201-2 , FELIPE SOTO TAPIA ,fel.soto@outlook.cl,Talcahuano,Concepción,Región del Biobío,9600000,45,activo,2026-05-07
CLI-0429, 14.609.386-4 , Francisca Silva Espinoza ,fra.silva@outlook.cl,Las Condes,Santiago,Región Metropolitana,7220000,0,activo,2026-01-04
CLI-0430,20.676.953-3, Hernán Valenzuela Rodríguez ,her.valenzuela@consultora.cl,Puerto Montt,Puerto Montt,Región de Los Lagos,14550000,120,EN REVISIÓN,2026-07-25
CLI-0431,16.796.171-3, Macarena López Rojas ,mac.lópez@outlook.cl,Viña del Mar,Valparaíso,Región de Valparaíso,4380000,0,activo,2026-07-22
CLI-0432,12444565-7,  ignacio contreras silva  ,ign.contreras@outlook.cl,Concepción,Concepción,Región del Biobío,18010000,30,En Revisión,2026-04-12
CLI-0433,13949475-4,  carolina morales lópez  ,car.morales@outlook.cl,Talcahuano,Concepción,Región del Biobío,20460000,0,EN REVISIÓN,2026-03-18
CLI-0434,17.921.702-3,  tomas araya pérez  ,tom.araya@servicios.cl,Antofagasta,Antofagasta,Región de Antofagasta,4870000,60,Inactivo,2026-05-03
CLI-0435,13271733-3, Javiera Morales Díaz ,jav.morales@sura.cl,Las Condes,Santiago,Región Metropolitana,6110000,120,activo,2026-07-25
CLI-0436,20462604-K, RODRIGO VALENZUELA VALENZUELA ,rod.valenzuela@outlook.cl,Valparaíso,Valparaíso,Región de Valparaíso,20510000,15,En Revisión,2026-04-22
CLI-0437,16568734-5, Daniela Rojas Contreras ,dan.rojas@outlook.cl,Concepción,Concepción,Región del Biobío,3420000,120,En Revisión,2026-02-20
CLI-0438,19.239.974-8, Gabriel González Muñoz ,gab.gonzález@sura.cl,La Serena,La Serena,Región de Coquimbo,18360000,60,Activo,2026-07-12
CLI-0439, 12.224.435-5 , Marcela Rodríguez González ,mar.rodríguez@sura.cl,Las Condes,Santiago,Región Metropolitana,5250000,30,EN REVISIÓN,2026-01-25
CLI-0440,12.798.780-K,  claudio contreras díaz  ,cla.contreras@empresa.cl,Temuco,Temuco,Región de la Araucanía,21140000,0,EN REVISIÓN,2026-01-15
CLI-0441, 16.987.090-9 , Macarena Soto Muñoz ,mac.soto@outlook.cl,Las Condes,Santiago,Región Metropolitana,19350000,120,EN REVISIÓN,2026-03-12
CLI-0442, 12.592.377-0 , Ignacio Soto Pérez ,ign.soto@servicios.cl,La Serena,La Serena,Región de Coquimbo,3260000,60,En Revisión,2026-07-02
CLI-0443,13925978-2, PAULA MORALES PÉREZ ,pau.morales@consultora.cl,Santiago Centro,Santiago,Región Metropolitana,670000,30,activo,2026-07-17
CLI-0444, 16.653.101-9 ,  cristián pérez díaz  ,cri.pérez@sura.cl,Concepción,Concepción,Región del Biobío,3440000,120,activo,2026-04-12
CLI-0445, 21.230.920-5 , Javiera López Vergara ,jav.lópez@outlook.cl,Valparaíso,Valparaíso,Región de Valparaíso,18910000,15,En Revisión,2026-07-23
CLI-0446,19.641.338-6,  diego lópez araya  ,die.lópez@empresa.cl,Antofagasta,Antofagasta,Región de Antofagasta,3750000,45,EN REVISIÓN,2026-01-11
CLI-0447,15.737.306-6, Andrea Araya Muñoz ,and.araya@gmail.com,La Serena,La Serena,Región de Coquimbo,11350000,45,EN REVISIÓN,2026-02-25
CLI-0448,16.879.611-K,  matías sepúlveda silva  ,mat.sepúlveda@gmail.com,Antofagasta,Antofagasta,Región de Antofagasta,17980000,0,Activo,2026-06-22
CLI-0449,12545104-9, FRANCISCA MUÑOZ SEPÚLVEDA ,fra.muñoz@servicios.cl,Temuco,Temuco,Región de la Araucanía,5970000,30,Inactivo,2026-04-11
CLI-0450,16327799-3, Sebastián Sepúlveda Rojas ,seb.sepúlveda@empresa.cl,Ñuñoa,Santiago,Región Metropolitana,7900000,30,Activo,2026-03-23
CLI-0451,16.063.861-7, Paula Silva Morales ,pau.silva@outlook.cl,La Serena,La Serena,Región de Coquimbo,4480000,45,Inactivo,2026-07-20
CLI-0452,12813546-K,  hernán pérez sepúlveda  ,her.pérez@sura.cl,Talcahuano,Concepción,Región del Biobío,9240000,0,En Revisión,2026-06-10
CLI-0453,20.046.968-0, FERNANDA MUÑOZ DÍAZ ,fer.muñoz@outlook.cl,Santiago Centro,Santiago,Región Metropolitana,18320000,0,En Revisión,2026-05-08
CLI-0454,16.780.298-1, Claudio Vergara González ,cla.vergara@consultora.cl,Maipú,Santiago,Región Metropolitana,10630000,30,Activo,2026-05-25
CLI-0455,12.842.943-K, Constanza Muñoz López ,con.muñoz@sura.cl,Maipú,Santiago,Región Metropolitana,21730000,0,activo,2026-06-23
CLI-0456,19.321.865-5, Gonzalo Espinoza Rojas ,gon.espinoza@empresa.cl,Maipú,Santiago,Región Metropolitana,1090000,90,activo,2026-01-19
CLI-0457,14.530.108-8, Paula Morales Muñoz ,pau.morales@outlook.cl,Talcahuano,Concepción,Región del Biobío,11410000,60,En Revisión,2026-06-13
CLI-0458,17.556.280-2, Gonzalo López Vergara ,gon.lópez@empresa.cl,Temuco,Temuco,Región de la Araucanía,20380000,30,activo,2026-05-01
CLI-0459, 13.677.685-7 , Francisca Rodríguez Rodríguez ,fra.rodríguez@empresa.cl,La Serena,La Serena,Región de Coquimbo,3780000,90,Activo,2026-01-26
CLI-0460,21.978.377-3, Javier Fuentes Vergara ,jav.fuentes@empresa.cl,Providencia,Santiago,Región Metropolitana,8650000,0,Activo,2026-03-14
CLI-0461,18765805-3,  loreto muñoz morales  ,lor.muñoz@servicios.cl,Viña del Mar,Valparaíso,Región de Valparaíso,15560000,90,Activo,2026-03-03
CLI-0462,22.496.173-1,  claudio contreras rodríguez  ,cla.contreras@sura.cl,Providencia,Santiago,Región Metropolitana,11730000,90,En Revisión,2026-06-24
CLI-0463,12080467-K, Javiera Rodríguez Rojas ,jav.rodríguez@empresa.cl,Viña del Mar,Valparaíso,Región de Valparaíso,7250000,120,Inactivo,2026-04-13
CLI-0464,22.205.910-K, Esteban Morales Muñoz ,est.morales@servicios.cl,Valparaíso,Valparaíso,Región de Valparaíso,13080000,60,En Revisión,2026-05-04
CLI-0465,20.227.925-4, Loreto Rodríguez Díaz ,lor.rodríguez@servicios.cl,Puerto Montt,Puerto Montt,Región de Los Lagos,12620000,15,EN REVISIÓN,2026-04-10
CLI-0466,19.767.846-K, Javier Soto Vergara ,jav.soto@empresa.cl,Las Condes,Santiago,Región Metropolitana,6670000,90,activo,2026-04-15
CLI-0467, 14.863.931-1 , Valentina Muñoz Díaz ,val.muñoz@sura.cl,Santiago Centro,Santiago,Región Metropolitana,18730000,15,activo,2026-04-12
CLI-0468, 21.727.277-4 , Hernán Tapia Espinoza ,her.tapia@sura.cl,Santiago Centro,Santiago,Región Metropolitana,3170000,0,activo,2026-02-15
CLI-0469,12.150.969-1, Valentina Silva Pérez ,val.silva@sura.cl,Puerto Montt,Puerto Montt,Región de Los Lagos,1950000,120,activo,2026-05-19
CLI-0470, 22.089.634-3 , MATÍAS VALENZUELA TAPIA ,mat.valenzuela@gmail.com,Temuco,Temuco,Región de la Araucanía,6430000,90,EN REVISIÓN,2026-03-17
CLI-0471, 19.083.668-6 , Beatriz González Sepúlveda ,bea.gonzález@servicios.cl,Las Condes,Santiago,Región Metropolitana,9790000,120,Inactivo,2026-02-13
CLI-0472,12.218.638-K, Diego Rojas Vergara ,die.rojas@empresa.cl,Providencia,Santiago,Región Metropolitana,17990000,0,EN REVISIÓN,2026-03-23
CLI-0473,21.856.829-7, Fernanda Rodríguez Fuentes ,fer.rodríguez@empresa.cl,La Serena,La Serena,Región de Coquimbo,7900000,30,EN REVISIÓN,2026-02-19
CLI-0474,16989738-2, CLAUDIO VALENZUELA LÓPEZ ,cla.valenzuela@sura.cl,Maipú,Santiago,Región Metropolitana,17060000,0,En Revisión,2026-06-23
CLI-0475, 14.508.733-0 , Marcela Valenzuela Vergara ,mar.valenzuela@consultora.cl,Valparaíso,Valparaíso,Región de Valparaíso,14320000,0,Activo,2026-07-26
CLI-0476,15.017.305-3, Javier Soto Silva ,jav.soto@servicios.cl,Viña del Mar,Valparaíso,Región de Valparaíso,17070000,0,Inactivo,2026-05-10
CLI-0477,14.114.949-7, MACARENA ESPINOZA ESPINOZA ,mac.espinoza@empresa.cl,Puerto Montt,Puerto Montt,Región de Los Lagos,11660000,15,Inactivo,2026-07-02
CLI-0478,16.919.998-8, Matías Soto Vergara ,mat.soto@gmail.com,Viña del Mar,Valparaíso,Región de Valparaíso,8820000,0,En Revisión,2026-05-07
CLI-0479, 13.940.643-3 , Valentina Pérez Espinoza ,val.pérez@empresa.cl,Talcahuano,Concepción,Región del Biobío,9040000,45,EN REVISIÓN,2026-07-27
CLI-0480,17082484-5, Gabriel Sepúlveda Araya ,gab.sepúlveda@empresa.cl,Puerto Montt,Puerto Montt,Región de Los Lagos,5620000,0,En Revisión,2026-02-07
CLI-0481,17530160-K,  francisca rojas sepúlveda  ,fra.rojas@consultora.cl,Puerto Montt,Puerto Montt,Región de Los Lagos,9270000,15,En Revisión,2026-03-14
CLI-0482,11.634.869-2, Felipe Fuentes Tapia ,fel.fuentes@empresa.cl,Concepción,Concepción,Región del Biobío,8540000,120,activo,2026-03-13
CLI-0483,19.242.265-4, Marcela Díaz Soto ,mar.díaz@gmail.com,Viña del Mar,Valparaíso,Región de Valparaíso,8570000,90,Activo,2026-07-20
CLI-0484,17976596-0, Sebastián Fuentes Soto ,seb.fuentes@sura.cl,Ñuñoa,Santiago,Región Metropolitana,1500000,90,EN REVISIÓN,2026-05-05
CLI-0485, 18.012.616-2 ,  daniela gonzález vergara  ,dan.gonzález@gmail.com,Concepción,Concepción,Región del Biobío,13590000,0,En Revisión,2026-07-07
CLI-0486,12653236-K,  javier rodríguez vergara  ,jav.rodríguez@consultora.cl,Puerto Montt,Puerto Montt,Región de Los Lagos,1820000,60,EN REVISIÓN,2026-07-27
CLI-0487,17.871.403-2, Valentina Valenzuela Araya ,val.valenzuela@gmail.com,Valparaíso,Valparaíso,Región de Valparaíso,17680000,45,activo,2026-07-02
CLI-0488,11768210-4, TOMAS SOTO GONZÁLEZ ,tom.soto@outlook.cl,Viña del Mar,Valparaíso,Región de Valparaíso,14810000,15,activo,2026-02-09
CLI-0489,14106242-5,  daniela rodríguez muñoz  ,dan.rodríguez@outlook.cl,Valparaíso,Valparaíso,Región de Valparaíso,13180000,15,EN REVISIÓN,2026-05-25
CLI-0490,20.266.622-8, Sebastián López Morales ,seb.lópez@gmail.com,Concepción,Concepción,Región del Biobío,5060000,120,activo,2026-06-17
CLI-0491,15089448-8, CONSTANZA MORALES LÓPEZ ,con.morales@sura.cl,Antofagasta,Antofagasta,Región de Antofagasta,14070000,120,activo,2026-02-15
CLI-0492, 13.317.013-0 , GONZALO PÉREZ DÍAZ ,gon.pérez@gmail.com,Valparaíso,Valparaíso,Región de Valparaíso,18200000,0,En Revisión,2026-07-07
CLI-0493,21725442-1, Catalina Silva Díaz ,cat.silva@outlook.cl,Antofagasta,Antofagasta,Región de Antofagasta,18670000,0,EN REVISIÓN,2026-06-24
CLI-0494,12.587.011-9, Javier Araya Pérez ,jav.araya@sura.cl,Las Condes,Santiago,Región Metropolitana,8170000,90,Activo,2026-02-01
CLI-0495,20.881.696-6,  andrea lópez rojas  ,and.lópez@servicios.cl,Ñuñoa,Santiago,Región Metropolitana,11590000,15,activo,2026-04-04
CLI-0496,17.187.426-6, Hernán Silva Muñoz ,her.silva@gmail.com,Ñuñoa,Santiago,Región Metropolitana,5330000,0,activo,2026-07-17
CLI-0497,20.120.349-K, Daniela Muñoz Valenzuela ,dan.muñoz@empresa.cl,La Serena,La Serena,Región de Coquimbo,18720000,0,Activo,2026-02-23
CLI-0498,13.327.454-4, Gabriel Vergara Araya ,gab.vergara@empresa.cl,Antofagasta,Antofagasta,Región de Antofagasta,5790000,15,EN REVISIÓN,2026-05-02
CLI-0499,19.819.983-0, Daniela Muñoz Araya ,dan.muñoz@gmail.com,Santiago Centro,Santiago,Región Metropolitana,11540000,90,Inactivo,2026-06-12
CLI-0500,15999628-0, Rodrigo Soto González ,rod.soto@servicios.cl,Viña del Mar,Valparaíso,Región de Valparaíso,670000,45,activo,2026-04-11
CLI-0501,19.855.454-8,  camila díaz fuentes  ,cam.díaz@empresa.cl,Santiago Centro,Santiago,Región Metropolitana,12900000,0,activo,2026-01-18
CLI-0502,14838575-4,  sebastián araya valenzuela  ,seb.araya@empresa.cl,Antofagasta,Antofagasta,Región de Antofagasta,8170000,30,activo,2026-06-01
CLI-0503,18.203.155-2, MARCELA PÉREZ LÓPEZ ,mar.pérez@servicios.cl,Temuco,Temuco,Región de la Araucanía,15360000,0,Inactivo,2026-06-09
CLI-0504,13.117.339-5, Tomas González Morales ,tom.gonzález@empresa.cl,Viña del Mar,Valparaíso,Región de Valparaíso,10290000,15,Inactivo,2026-07-26
CLI-0505,20033907-7, Carolina Fuentes Valenzuela ,car.fuentes@servicios.cl,Ñuñoa,Santiago,Región Metropolitana,14890000,90,Activo,2026-05-28
CLI-0506,15.319.162-9, Esteban Rodríguez Morales ,est.rodríguez@servicios.cl,Puerto Montt,Puerto Montt,Región de Los Lagos,16870000,30,EN REVISIÓN,2026-02-12
CLI-0507,17.104.152-7, Fernanda Rojas Araya ,fer.rojas@outlook.cl,Puerto Montt,Puerto Montt,Región de Los Lagos,19180000,15,activo,2026-07-10
CLI-0508,16568024-6, Claudio Espinoza Valenzuela ,cla.espinoza@outlook.cl,Antofagasta,Antofagasta,Región de Antofagasta,7320000,15,Activo,2026-05-02
CLI-0509,12.905.286-7, PAULA GONZÁLEZ ESPINOZA ,pau.gonzález@outlook.cl,Concepción,Concepción,Región del Biobío,2750000,0,activo,2026-07-05
CLI-0510,13.365.982-4, Esteban Contreras Morales ,est.contreras@servicios.cl,Las Condes,Santiago,Región Metropolitana,16540000,0,EN REVISIÓN,2026-05-15
CLI-0511,11.837.195-9, JAVIERA SEPÚLVEDA SEPÚLVEDA ,jav.sepúlveda@gmail.com,Ñuñoa,Santiago,Región Metropolitana,6470000,0,En Revisión,2026-07-06
CLI-0512,14.590.258-1, JAVIER ROJAS ESPINOZA ,jav.rojas@empresa.cl,Santiago Centro,Santiago,Región Metropolitana,7970000,120,Inactivo,2026-04-25
CLI-0513,16.790.585-1, CAROLINA TAPIA RODRÍGUEZ ,car.tapia@outlook.cl,Maipú,Santiago,Región Metropolitana,5920000,0,Activo,2026-05-10
CLI-0514, 19.362.264-8 , MATÍAS ROJAS RODRÍGUEZ ,mat.rojas@empresa.cl,Providencia,Santiago,Región Metropolitana,18870000,15,EN REVISIÓN,2026-01-07
CLI-0515,13.832.868-7, BEATRIZ TAPIA MORALES ,bea.tapia@servicios.cl,Viña del Mar,Valparaíso,Región de Valparaíso,9950000,120,Inactivo,2026-03-16
CLI-0516, 11.685.287-7 , Ignacio Pérez Tapia ,ign.pérez@empresa.cl,Ñuñoa,Santiago,Región Metropolitana,4810000,15,En Revisión,2026-01-06
CLI-0517, 14.055.883-K ,  sofia morales gonzález  ,sof.morales@servicios.cl,Puerto Montt,Puerto Montt,Región de Los Lagos,18010000,60,activo,2026-05-19
CLI-0518,14.290.806-6,  gabriel soto valenzuela  ,gab.soto@sura.cl,Santiago Centro,Santiago,Región Metropolitana,5560000,0,En Revisión,2026-07-06
CLI-0519,20.767.455-0, Javiera Díaz Muñoz ,jav.díaz@servicios.cl,Viña del Mar,Valparaíso,Región de Valparaíso,11760000,45,Inactivo,2026-06-05
CLI-0520,11.115.623-8, Mauricio Soto Pérez ,mau.soto@servicios.cl,Las Condes,Santiago,Región Metropolitana,7550000,15,En Revisión,2026-03-19
CLI-0521, 21.373.232-6 , Marcela Pérez López ,mar.pérez@sura.cl,Providencia,Santiago,Región Metropolitana,7700000,0,Inactivo,2026-01-12
CLI-0522, 16.734.602-0 , IGNACIO PÉREZ VERGARA ,ign.pérez@empresa.cl,Temuco,Temuco,Región de la Araucanía,20660000,90,Inactivo,2026-07-25
CLI-0523,15.160.951-5, Paula Silva Rodríguez ,pau.silva@gmail.com,Las Condes,Santiago,Región Metropolitana,14940000,0,Inactivo,2026-04-18
CLI-0524,17.279.773-9, Sebastián Contreras Sepúlveda ,seb.contreras@outlook.cl,Talcahuano,Concepción,Región del Biobío,5470000,15,Inactivo,2026-03-07
CLI-0525,17.148.986-5, Andrea Morales Díaz ,and.morales@outlook.cl,La Serena,La Serena,Región de Coquimbo,2460000,30,activo,2026-04-22
CLI-0526,15.570.317-9, Diego Araya Morales ,die.araya@gmail.com,Las Condes,Santiago,Región Metropolitana,21930000,15,Inactivo,2026-07-17
CLI-0527,18.477.147-3, DANIELA CONTRERAS RODRÍGUEZ ,dan.contreras@gmail.com,Concepción,Concepción,Región del Biobío,12270000,120,En Revisión,2026-05-03
CLI-0528,21.792.962-8,  esteban soto vergara  ,est.soto@empresa.cl,Puerto Montt,Puerto Montt,Región de Los Lagos,4740000,60,En Revisión,2026-06-11
CLI-0529, 11.109.485-6 , Constanza Araya Silva ,con.araya@gmail.com,Talcahuano,Concepción,Región del Biobío,14840000,15,Activo,2026-04-18
CLI-0530,16.210.224-6, Mauricio Morales González ,mau.morales@sura.cl,Santiago Centro,Santiago,Región Metropolitana,18020000,15,Inactivo,2026-02-21
CLI-0531, 22.006.541-5 , Loreto Sepúlveda Sepúlveda ,lor.sepúlveda@sura.cl,La Serena,La Serena,Región de Coquimbo,20590000,0,Activo,2026-03-16
CLI-0532,14.693.736-7, Rodrigo Espinoza Vergara ,rod.espinoza@gmail.com,La Serena,La Serena,Región de Coquimbo,10100000,0,Activo,2026-02-06
CLI-0533,13.968.025-9, Francisca Vergara Valenzuela ,fra.vergara@gmail.com,Antofagasta,Antofagasta,Región de Antofagasta,13880000,0,EN REVISIÓN,2026-03-25
CLI-0534,18798805-9,  hernán espinoza soto  ,her.espinoza@sura.cl,Talcahuano,Concepción,Región del Biobío,4600000,0,Activo,2026-05-19
CLI-0535,21204928-8,  andrea lópez fuentes  ,and.lópez@sura.cl,Ñuñoa,Santiago,Región Metropolitana,11470000,45,Inactivo,2026-07-20
CLI-0536,17.286.867-9, Álvaro Pérez Vergara ,álv.pérez@gmail.com,Antofagasta,Antofagasta,Región de Antofagasta,21220000,0,activo,2026-03-13
CLI-0537,18115354-6,  loreto sepúlveda rojas  ,lor.sepúlveda@outlook.cl,Viña del Mar,Valparaíso,Región de Valparaíso,11260000,0,Activo,2026-03-17
CLI-0538, 11.455.790-3 ,  gabriel rojas rojas  ,gab.rojas@outlook.cl,Valparaíso,Valparaíso,Región de Valparaíso,17320000,15,activo,2026-03-24
CLI-0539, 19.734.827-9 ,  francisca valenzuela valenzuela  ,fra.valenzuela@servicios.cl,Santiago Centro,Santiago,Región Metropolitana,13010000,60,EN REVISIÓN,2026-05-08
CLI-0540,22.221.584-1, TOMAS CONTRERAS MUÑOZ ,tom.contreras@empresa.cl,Viña del Mar,Valparaíso,Región de Valparaíso,16520000,45,Inactivo,2026-07-17
CLI-0541, 12.665.727-0 ,  macarena tapia valenzuela  ,mac.tapia@servicios.cl,Providencia,Santiago,Región Metropolitana,14970000,0,Inactivo,2026-07-04
CLI-0542, 14.746.278-4 , TOMAS RODRÍGUEZ MUÑOZ ,tom.rodríguez@sura.cl,Ñuñoa,Santiago,Región Metropolitana,13950000,45,EN REVISIÓN,2026-02-09
CLI-0543,18.580.834-7, Andrea Pérez López ,and.pérez@outlook.cl,Temuco,Temuco,Región de la Araucanía,8130000,120,EN REVISIÓN,2026-04-28
CLI-0544, 12.308.398-2 ,  gabriel lópez vergara  ,gab.lópez@empresa.cl,La Serena,La Serena,Región de Coquimbo,18140000,30,Activo,2026-07-21
CLI-0545,11.855.680-0,  francisca silva rodríguez  ,fra.silva@consultora.cl,Las Condes,Santiago,Región Metropolitana,16860000,120,Activo,2026-06-12
CLI-0546,22262140-4, IGNACIO GONZÁLEZ FUENTES ,ign.gonzález@gmail.com,La Serena,La Serena,Región de Coquimbo,18210000,0,En Revisión,2026-04-19
CLI-0547,11894967-4,  valentina araya araya  ,val.araya@gmail.com,Talcahuano,Concepción,Región del Biobío,15160000,15,En Revisión,2026-02-10
CLI-0548,11.496.340-5, Tomas Vergara Rodríguez ,tom.vergara@gmail.com,Concepción,Concepción,Región del Biobío,1670000,120,En Revisión,2026-03-27
CLI-0549,16714058-4, Macarena Sepúlveda Vergara ,mac.sepúlveda@gmail.com,Las Condes,Santiago,Región Metropolitana,17540000,0,Activo,2026-04-24
CLI-0550,21.818.532-4, Javier Vergara Araya ,jav.vergara@gmail.com,La Serena,La Serena,Región de Coquimbo,7740000,0,Inactivo,2026-04-13
CLI-0551,16.677.110-8, Sofia Espinoza Pérez ,sof.espinoza@sura.cl,Viña del Mar,Valparaíso,Región de Valparaíso,21980000,30,En Revisión,2026-07-05
CLI-0552, 13.503.749-2 ,  gonzalo silva silva  ,gon.silva@gmail.com,Concepción,Concepción,Región del Biobío,9260000,120,activo,2026-02-22
CLI-0553, 11.371.492-K , Catalina Silva Araya ,cat.silva@empresa.cl,Talcahuano,Concepción,Región del Biobío,1670000,30,En Revisión,2026-04-14
CLI-0554,18349367-1, Mauricio Rodríguez Sepúlveda ,mau.rodríguez@consultora.cl,Providencia,Santiago,Región Metropolitana,13460000,15,Inactivo,2026-07-04
CLI-0555,17.658.967-3,  francisca gonzález espinoza  ,fra.gonzález@outlook.cl,Ñuñoa,Santiago,Región Metropolitana,5500000,30,Inactivo,2026-01-17
CLI-0556,19427433-5,  gonzalo vergara rojas  ,gon.vergara@consultora.cl,Providencia,Santiago,Región Metropolitana,17320000,0,En Revisión,2026-03-10
CLI-0557,21409726-8, Andrea Contreras Morales ,and.contreras@gmail.com,Las Condes,Santiago,Región Metropolitana,11710000,15,Activo,2026-06-24
CLI-0558,14.592.281-K,  cristián lópez vergara  ,cri.lópez@gmail.com,Maipú,Santiago,Región Metropolitana,3910000,0,Activo,2026-06-02
CLI-0559,16.570.174-3,  catalina araya morales  ,cat.araya@sura.cl,Santiago Centro,Santiago,Región Metropolitana,19760000,120,En Revisión,2026-07-28
CLI-0560, 14.320.931-0 , Esteban Sepúlveda Morales ,est.sepúlveda@outlook.cl,La Serena,La Serena,Región de Coquimbo,3390000,0,Activo,2026-03-17
CLI-0561,14.622.252-K, Daniela Sepúlveda Morales ,dan.sepúlveda@outlook.cl,Santiago Centro,Santiago,Región Metropolitana,19110000,30,Activo,2026-04-14
CLI-0562, 17.564.282-1 , CLAUDIO SILVA GONZÁLEZ ,cla.silva@sura.cl,Las Condes,Santiago,Región Metropolitana,1090000,0,EN REVISIÓN,2026-05-05
CLI-0563,13.994.580-1, Camila Morales González ,cam.morales@servicios.cl,Viña del Mar,Valparaíso,Región de Valparaíso,7110000,45,Inactivo,2026-05-04
CLI-0564, 13.044.924-9 , Gonzalo Araya Sepúlveda ,gon.araya@gmail.com,Temuco,Temuco,Región de la Araucanía,1050000,15,EN REVISIÓN,2026-06-09
CLI-0565,20.589.402-2, LORETO SILVA ARAYA ,lor.silva@gmail.com,Viña del Mar,Valparaíso,Región de Valparaíso,10290000,60,En Revisión,2026-07-02
CLI-0566,18.519.776-2, Ignacio Araya Rojas ,ign.araya@servicios.cl,Providencia,Santiago,Región Metropolitana,8600000,45,EN REVISIÓN,2026-06-16
CLI-0567,18.568.719-4, Catalina Muñoz Muñoz ,cat.muñoz@gmail.com,La Serena,La Serena,Región de Coquimbo,700000,0,activo,2026-02-06
CLI-0568,20.692.778-7, Felipe Silva Morales ,fel.silva@outlook.cl,Temuco,Temuco,Región de la Araucanía,15830000,60,EN REVISIÓN,2026-06-25
CLI-0569, 12.592.312-3 , MARCELA MORALES RODRÍGUEZ ,mar.morales@empresa.cl,Ñuñoa,Santiago,Región Metropolitana,10270000,90,En Revisión,2026-06-24
CLI-0570,21384372-2, ÁLVARO TAPIA MORALES ,álv.tapia@gmail.com,Maipú,Santiago,Región Metropolitana,21060000,0,EN REVISIÓN,2026-01-01
CLI-0571, 11.817.630-6 , Carolina Espinoza Espinoza ,car.espinoza@empresa.cl,Temuco,Temuco,Región de la Araucanía,16980000,15,Inactivo,2026-02-21
CLI-0572,20.122.214-9, TOMAS SILVA SOTO ,tom.silva@outlook.cl,Santiago Centro,Santiago,Región Metropolitana,17870000,30,Activo,2026-02-15
CLI-0573,16510482-0, LORETO ARAYA PÉREZ ,lor.araya@sura.cl,Santiago Centro,Santiago,Región Metropolitana,6410000,0,EN REVISIÓN,2026-01-13
CLI-0574,18.156.584-1,  rodrigo soto sepúlveda  ,rod.soto@sura.cl,Maipú,Santiago,Región Metropolitana,8780000,15,Inactivo,2026-02-17
CLI-0575,14042889-8, BEATRIZ SILVA DÍAZ ,bea.silva@empresa.cl,Ñuñoa,Santiago,Región Metropolitana,12360000,0,Activo,2026-02-14
CLI-0576, 18.401.624-8 , Claudio Díaz Tapia ,cla.díaz@empresa.cl,Viña del Mar,Valparaíso,Región de Valparaíso,14840000,0,activo,2026-05-13
CLI-0577,16.299.256-3,  fernanda soto tapia  ,fer.soto@empresa.cl,Talcahuano,Concepción,Región del Biobío,15560000,15,Inactivo,2026-07-17
CLI-0578, 18.129.373-8 , Mauricio Contreras Valenzuela ,mau.contreras@outlook.cl,Puerto Montt,Puerto Montt,Región de Los Lagos,9520000,30,Activo,2026-07-19
CLI-0579,16.779.465-4,  sofia lópez muñoz  ,sof.lópez@consultora.cl,La Serena,La Serena,Región de Coquimbo,14000000,0,Activo,2026-01-22
CLI-0580,20.920.402-8, Matías Fuentes Araya ,mat.fuentes@servicios.cl,Valparaíso,Valparaíso,Región de Valparaíso,5240000,120,Activo,2026-04-22
CLI-0581,17.882.605-5,  francisca pérez valenzuela  ,fra.pérez@consultora.cl,Las Condes,Santiago,Región Metropolitana,7040000,120,Activo,2026-02-16
CLI-0582,19499949-6, DIEGO ROJAS ARAYA ,die.rojas@outlook.cl,Ñuñoa,Santiago,Región Metropolitana,19090000,0,Inactivo,2026-06-18
CLI-0583, 17.018.530-4 , Loreto Espinoza Soto ,lor.espinoza@servicios.cl,Temuco,Temuco,Región de la Araucanía,13180000,30,En Revisión,2026-07-03
CLI-0584,21.481.289-9, DIEGO PÉREZ VALENZUELA ,die.pérez@consultora.cl,Viña del Mar,Valparaíso,Región de Valparaíso,16460000,60,En Revisión,2026-05-22
CLI-0585, 14.609.189-2 , Paula López González ,pau.lópez@sura.cl,Santiago Centro,Santiago,Región Metropolitana,16200000,120,Inactivo,2026-04-27
CLI-0586,13.745.009-7, DIEGO ESPINOZA SILVA ,die.espinoza@outlook.cl,Valparaíso,Valparaíso,Región de Valparaíso,12050000,30,En Revisión,2026-01-07
CLI-0587,21.183.521-3,  fernanda rodríguez contreras  ,fer.rodríguez@consultora.cl,Temuco,Temuco,Región de la Araucanía,8150000,45,activo,2026-04-22
CLI-0588,20.005.286-7, Claudio Pérez López ,cla.pérez@gmail.com,Talcahuano,Concepción,Región del Biobío,1940000,120,Activo,2026-03-24
CLI-0589,20.901.942-9,  paula pérez morales  ,pau.pérez@outlook.cl,Santiago Centro,Santiago,Región Metropolitana,9050000,60,activo,2026-02-20
CLI-0590,13.658.110-1,  felipe vergara silva  ,fel.vergara@gmail.com,Providencia,Santiago,Región Metropolitana,4800000,120,Inactivo,2026-02-16
CLI-0591,19000979-6, CONSTANZA FUENTES CONTRERAS ,con.fuentes@outlook.cl,Santiago Centro,Santiago,Región Metropolitana,14340000,15,Inactivo,2026-01-15
CLI-0592, 20.942.549-4 , Sebastián Pérez Contreras ,seb.pérez@empresa.cl,La Serena,La Serena,Región de Coquimbo,4190000,30,EN REVISIÓN,2026-07-26
CLI-0593, 18.506.049-K , MACARENA SEPÚLVEDA DÍAZ ,mac.sepúlveda@gmail.com,Valparaíso,Valparaíso,Región de Valparaíso,9190000,0,Activo,2026-07-07
CLI-0594,11.784.698-7, Esteban Muñoz Vergara ,est.muñoz@servicios.cl,La Serena,La Serena,Región de Coquimbo,6020000,15,activo,2026-07-13
CLI-0595, 14.504.587-8 ,  carolina soto espinoza  ,car.soto@empresa.cl,Maipú,Santiago,Región Metropolitana,19970000,0,EN REVISIÓN,2026-06-16
CLI-0596,15.835.786-0,  ignacio lópez morales  ,ign.lópez@outlook.cl,Concepción,Concepción,Región del Biobío,9690000,120,activo,2026-01-21
CLI-0597,14.527.558-5, Constanza López Morales ,con.lópez@servicios.cl,Ñuñoa,Santiago,Región Metropolitana,6360000,120,Inactivo,2026-07-01
CLI-0598, 22.427.853-5 ,  mauricio tapia pérez  ,mau.tapia@outlook.cl,Providencia,Santiago,Región Metropolitana,16470000,60,Inactivo,2026-05-28
CLI-0599,15101992-1,  macarena díaz vergara  ,mac.díaz@consultora.cl,La Serena,La Serena,Región de Coquimbo,12590000,0,EN REVISIÓN,2026-03-10
CLI-0600,18.725.853-K, CLAUDIO GONZÁLEZ SILVA ,cla.gonzález@sura.cl,Las Condes,Santiago,Región Metropolitana,17840000,45,Activo,2026-07-11
CLI-0601,16.406.929-5, Macarena Tapia Silva ,mac.tapia@gmail.com,Antofagasta,Antofagasta,Región de Antofagasta,5090000,15,Activo,2026-01-14
CLI-0602,16.363.883-7, Ignacio Rodríguez Araya ,ign.rodríguez@sura.cl,La Serena,La Serena,Región de Coquimbo,12410000,0,EN REVISIÓN,2026-05-03
CLI-0603,15.504.619-7,  francisca araya sepúlveda  ,fra.araya@empresa.cl,Ñuñoa,Santiago,Región Metropolitana,16940000,15,En Revisión,2026-03-15
CLI-0604,13776102-7, Álvaro Morales López ,álv.morales@gmail.com,Valparaíso,Valparaíso,Región de Valparaíso,11050000,0,Inactivo,2026-01-09
CLI-0605,17476191-4, Sofia Muñoz Soto ,sof.muñoz@outlook.cl,Antofagasta,Antofagasta,Región de Antofagasta,13590000,0,Activo,2026-02-06
CLI-0606,11.329.226-8, Tomas Soto Pérez ,tom.soto@gmail.com,Viña del Mar,Valparaíso,Región de Valparaíso,8210000,90,Inactivo,2026-04-18
CLI-0607,13.781.787-4, Francisca Muñoz Soto ,fra.muñoz@gmail.com,Talcahuano,Concepción,Región del Biobío,10080000,30,Inactivo,2026-04-17
CLI-0608,14857626-1,  gabriel silva espinoza  ,gab.silva@empresa.cl,Maipú,Santiago,Región Metropolitana,6900000,15,Inactivo,2026-07-01
CLI-0609,11523517-0,  carolina araya pérez  ,car.araya@consultora.cl,Talcahuano,Concepción,Región del Biobío,16160000,45,En Revisión,2026-07-11
CLI-0610, 14.774.123-3 , ÁLVARO SEPÚLVEDA LÓPEZ ,álv.sepúlveda@consultora.cl,La Serena,La Serena,Región de Coquimbo,810000,0,Activo,2026-05-12
CLI-0611,18435178-1,  catalina soto espinoza  ,cat.soto@sura.cl,Providencia,Santiago,Región Metropolitana,10520000,0,activo,2026-07-04
CLI-0612,20639838-0, Ignacio Díaz González ,ign.díaz@outlook.cl,Las Condes,Santiago,Región Metropolitana,14230000,90,Inactivo,2026-07-21
CLI-0613, 22.276.530-K , VALENTINA ROJAS GONZÁLEZ ,val.rojas@gmail.com,La Serena,La Serena,Región de Coquimbo,7110000,45,activo,2026-01-06
CLI-0614,21.648.841-5, GONZALO ESPINOZA VERGARA ,gon.espinoza@servicios.cl,Antofagasta,Antofagasta,Región de Antofagasta,6650000,90,EN REVISIÓN,2026-04-28
CLI-0615, 19.533.094-4 ,  constanza silva gonzález  ,con.silva@consultora.cl,Concepción,Concepción,Región del Biobío,16800000,45,EN REVISIÓN,2026-06-11
CLI-0616,12.785.688-8, Claudio Tapia Morales ,cla.tapia@outlook.cl,Santiago Centro,Santiago,Región Metropolitana,18380000,30,Inactivo,2026-02-11
CLI-0617, 22.488.731-4 , Macarena Soto Araya ,mac.soto@sura.cl,Viña del Mar,Valparaíso,Región de Valparaíso,1120000,120,activo,2026-02-04
CLI-0618,16358929-4, Matías Muñoz Rodríguez ,mat.muñoz@consultora.cl,Ñuñoa,Santiago,Región Metropolitana,14120000,15,EN REVISIÓN,2026-04-24
CLI-0619, 14.214.378-9 , Marcela Espinoza Valenzuela ,mar.espinoza@consultora.cl,Talcahuano,Concepción,Región del Biobío,10750000,0,Inactivo,2026-06-15
CLI-0620, 11.590.111-7 , Gonzalo Muñoz Sepúlveda ,gon.muñoz@consultora.cl,Concepción,Concepción,Región del Biobío,6430000,45,EN REVISIÓN,2026-05-03
CLI-0621,17.415.100-2, Marcela Valenzuela González ,mar.valenzuela@sura.cl,Santiago Centro,Santiago,Región Metropolitana,11870000,15,EN REVISIÓN,2026-04-20
CLI-0622,18.405.031-4, Álvaro Tapia Rojas ,álv.tapia@servicios.cl,Viña del Mar,Valparaíso,Región de Valparaíso,4800000,60,Inactivo,2026-03-12
CLI-0623,19.349.246-8, Andrea Silva Silva ,and.silva@empresa.cl,Ñuñoa,Santiago,Región Metropolitana,12210000,0,activo,2026-04-22
CLI-0624,22.290.123-7, Sebastián Valenzuela Morales ,seb.valenzuela@sura.cl,Viña del Mar,Valparaíso,Región de Valparaíso,10180000,30,EN REVISIÓN,2026-04-14
CLI-0625, 13.738.328-0 , SOFIA TAPIA ESPINOZA ,sof.tapia@outlook.cl,Talcahuano,Concepción,Región del Biobío,19680000,30,activo,2026-05-07
CLI-0626,18.314.224-8, Gonzalo Silva Silva ,gon.silva@consultora.cl,Talcahuano,Concepción,Región del Biobío,17240000,90,Activo,2026-07-25
CLI-0627,17267821-3, Catalina Rodríguez Tapia ,cat.rodríguez@gmail.com,Temuco,Temuco,Región de la Araucanía,12530000,90,Inactivo,2026-01-18
CLI-0628,18.077.884-K,  tomas muñoz valenzuela  ,tom.muñoz@gmail.com,Concepción,Concepción,Región del Biobío,8490000,0,activo,2026-03-28
CLI-0629, 16.213.253-9 ,  catalina valenzuela valenzuela  ,cat.valenzuela@consultora.cl,Talcahuano,Concepción,Región del Biobío,17340000,90,En Revisión,2026-05-16
CLI-0630,11748830-1,  cristián espinoza muñoz  ,cri.espinoza@consultora.cl,Las Condes,Santiago,Región Metropolitana,9990000,0,activo,2026-04-19
CLI-0631,16.853.495-8,  catalina muñoz araya  ,cat.muñoz@gmail.com,Antofagasta,Antofagasta,Región de Antofagasta,21490000,0,activo,2026-01-05
CLI-0632,20.604.176-8, Mauricio Muñoz Espinoza ,mau.muñoz@consultora.cl,Maipú,Santiago,Región Metropolitana,16420000,90,EN REVISIÓN,2026-06-09
CLI-0633,20201217-7, Macarena López López ,mac.lópez@servicios.cl,Temuco,Temuco,Región de la Araucanía,17930000,45,En Revisión,2026-03-26
CLI-0634,19.956.154-K,  cristián silva lópez  ,cri.silva@consultora.cl,Puerto Montt,Puerto Montt,Región de Los Lagos,18350000,30,En Revisión,2026-05-24
CLI-0635,14.910.269-7,  andrea morales soto  ,and.morales@sura.cl,Antofagasta,Antofagasta,Región de Antofagasta,6970000,120,Activo,2026-07-14
CLI-0636, 21.472.222-2 , Ignacio López Soto ,ign.lópez@empresa.cl,Providencia,Santiago,Región Metropolitana,3880000,0,Inactivo,2026-04-19
CLI-0637,18.307.928-2, Catalina Pérez Sepúlveda ,cat.pérez@empresa.cl,Viña del Mar,Valparaíso,Región de Valparaíso,17110000,45,activo,2026-03-07
CLI-0638,12882211-1, Javier Soto Silva ,jav.soto@consultora.cl,Puerto Montt,Puerto Montt,Región de Los Lagos,17970000,90,En Revisión,2026-05-12
CLI-0639, 15.054.974-8 , VALENTINA CONTRERAS DÍAZ ,val.contreras@outlook.cl,Puerto Montt,Puerto Montt,Región de Los Lagos,13810000,15,EN REVISIÓN,2026-07-07
CLI-0640,15623137-7,  gabriel araya rojas  ,gab.araya@servicios.cl,Maipú,Santiago,Región Metropolitana,20210000,120,Activo,2026-05-21
CLI-0641,20539681-6,  beatriz contreras gonzález  ,bea.contreras@sura.cl,Concepción,Concepción,Región del Biobío,17630000,90,EN REVISIÓN,2026-02-15
CLI-0642, 21.871.275-1 , MATÍAS CONTRERAS SEPÚLVEDA ,mat.contreras@outlook.cl,Antofagasta,Antofagasta,Región de Antofagasta,5330000,0,activo,2026-02-11
CLI-0643, 21.504.667-4 ,  macarena pérez sepúlveda  ,mac.pérez@servicios.cl,Puerto Montt,Puerto Montt,Región de Los Lagos,5940000,0,activo,2026-02-07
CLI-0644,18.142.181-5, Felipe Contreras Vergara ,fel.contreras@sura.cl,Temuco,Temuco,Región de la Araucanía,21420000,15,EN REVISIÓN,2026-03-06
CLI-0645,17.118.066-0, Loreto Espinoza González ,lor.espinoza@empresa.cl,Talcahuano,Concepción,Región del Biobío,3800000,60,EN REVISIÓN,2026-02-19
CLI-0646, 17.267.663-1 , Ignacio Rodríguez Contreras ,ign.rodríguez@sura.cl,Maipú,Santiago,Región Metropolitana,2140000,0,Inactivo,2026-05-24
CLI-0647, 18.312.634-3 , Paula Rojas López ,pau.rojas@sura.cl,Temuco,Temuco,Región de la Araucanía,9610000,45,Activo,2026-07-19
CLI-0648, 14.557.496-K , Hernán Rodríguez Contreras ,her.rodríguez@consultora.cl,Providencia,Santiago,Región Metropolitana,7050000,60,Inactivo,2026-06-23
CLI-0649,18554186-9, Francisca Morales Fuentes ,fra.morales@gmail.com,Temuco,Temuco,Región de la Araucanía,1710000,30,activo,2026-02-28
CLI-0650, 12.365.915-7 , Tomas Rodríguez Araya ,tom.rodríguez@servicios.cl,La Serena,La Serena,Región de Coquimbo,16250000,0,activo,2026-06-16
CLI-0651,12.657.047-1, Daniela Rodríguez Contreras ,dan.rodríguez@consultora.cl,Ñuñoa,Santiago,Región Metropolitana,14270000,15,activo,2026-04-25
CLI-0652,18329058-1, Felipe Fuentes Espinoza ,fel.fuentes@gmail.com,Concepción,Concepción,Región del Biobío,17230000,0,En Revisión,2026-05-12
CLI-0653, 20.008.964-3 , Javiera Díaz Silva ,jav.díaz@gmail.com,Viña del Mar,Valparaíso,Región de Valparaíso,9640000,0,Activo,2026-07-18
CLI-0654,15.566.692-2, IGNACIO DÍAZ CONTRERAS ,ign.díaz@sura.cl,Providencia,Santiago,Región Metropolitana,11260000,0,En Revisión,2026-02-09
CLI-0655, 15.201.661-9 ,  sofia sepúlveda muñoz  ,sof.sepúlveda@outlook.cl,Maipú,Santiago,Región Metropolitana,17800000,120,En Revisión,2026-04-05
CLI-0656,16778493-4, Felipe González Fuentes ,fel.gonzález@servicios.cl,Maipú,Santiago,Región Metropolitana,15990000,90,activo,2026-01-02
CLI-0657,13.008.833-3, Andrea Pérez Contreras ,and.pérez@sura.cl,Antofagasta,Antofagasta,Región de Antofagasta,6170000,30,Inactivo,2026-04-25
CLI-0658,19.527.046-6,  matías muñoz fuentes  ,mat.muñoz@gmail.com,Santiago Centro,Santiago,Región Metropolitana,21920000,0,En Revisión,2026-07-25
CLI-0659,16449603-4, Beatriz Pérez Silva ,bea.pérez@gmail.com,Puerto Montt,Puerto Montt,Región de Los Lagos,13530000,0,Activo,2026-06-22
CLI-0660,21.146.164-1, Claudio Sepúlveda Tapia ,cla.sepúlveda@outlook.cl,Santiago Centro,Santiago,Región Metropolitana,3170000,0,EN REVISIÓN,2026-06-13
CLI-0661, 15.955.249-4 , PAULA VALENZUELA VALENZUELA ,pau.valenzuela@gmail.com,Viña del Mar,Valparaíso,Región de Valparaíso,17950000,0,Activo,2026-04-16
CLI-0662, 11.347.095-9 , Ignacio Silva Díaz ,ign.silva@gmail.com,Maipú,Santiago,Región Metropolitana,10560000,15,activo,2026-05-27
CLI-0663, 21.645.631-9 , Fernanda Tapia Rodríguez ,fer.tapia@servicios.cl,La Serena,La Serena,Región de Coquimbo,19480000,0,En Revisión,2026-05-12
CLI-0664, 17.746.452-8 ,  claudio gonzález morales  ,cla.gonzález@outlook.cl,Maipú,Santiago,Región Metropolitana,14250000,0,En Revisión,2026-04-22
CLI-0665,16674344-9,  catalina silva rodríguez  ,cat.silva@sura.cl,Santiago Centro,Santiago,Región Metropolitana,12470000,30,Activo,2026-01-19
CLI-0666, 17.907.842-1 , Álvaro Araya Soto ,álv.araya@gmail.com,Talcahuano,Concepción,Región del Biobío,8190000,0,Inactivo,2026-06-24
CLI-0667,19125938-9, MACARENA PÉREZ DÍAZ ,mac.pérez@servicios.cl,Providencia,Santiago,Región Metropolitana,10100000,30,Activo,2026-05-24
CLI-0668,17.238.764-2, Álvaro Fuentes Araya ,álv.fuentes@empresa.cl,Las Condes,Santiago,Región Metropolitana,14600000,0,Inactivo,2026-07-20
CLI-0669,15.607.588-8,  marcela araya pérez  ,mar.araya@gmail.com,La Serena,La Serena,Región de Coquimbo,18300000,15,En Revisión,2026-02-21
CLI-0670, 13.199.497-2 ,  gabriel espinoza araya  ,gab.espinoza@outlook.cl,Las Condes,Santiago,Región Metropolitana,15730000,0,EN REVISIÓN,2026-01-15
CLI-0671,20.269.552-1, Daniela Morales Valenzuela ,dan.morales@consultora.cl,Providencia,Santiago,Región Metropolitana,9830000,30,Inactivo,2026-03-05
CLI-0672,22.117.907-7, Rodrigo Contreras Sepúlveda ,rod.contreras@consultora.cl,Ñuñoa,Santiago,Región Metropolitana,11190000,60,EN REVISIÓN,2026-01-15
CLI-0673, 18.786.048-7 , Macarena Sepúlveda Sepúlveda ,mac.sepúlveda@consultora.cl,Viña del Mar,Valparaíso,Región de Valparaíso,5070000,90,Inactivo,2026-05-18
CLI-0674, 11.429.457-0 , Esteban Araya Rodríguez ,est.araya@sura.cl,Valparaíso,Valparaíso,Región de Valparaíso,1510000,0,En Revisión,2026-05-11
CLI-0675,14.794.638-1,  catalina díaz sepúlveda  ,cat.díaz@servicios.cl,La Serena,La Serena,Región de Coquimbo,8420000,120,EN REVISIÓN,2026-07-20
CLI-0676,14186186-0,  mauricio gonzález lópez  ,mau.gonzález@consultora.cl,Ñuñoa,Santiago,Región Metropolitana,18430000,60,Inactivo,2026-03-14
CLI-0677,15399265-1, Valentina Pérez López ,val.pérez@empresa.cl,Concepción,Concepción,Región del Biobío,16710000,30,Activo,2026-06-10
CLI-0678,15.831.076-1, TOMAS MUÑOZ PÉREZ ,tom.muñoz@servicios.cl,Puerto Montt,Puerto Montt,Región de Los Lagos,5840000,0,EN REVISIÓN,2026-03-07
CLI-0679,16.870.633-5, Loreto Morales Díaz ,lor.morales@gmail.com,Santiago Centro,Santiago,Región Metropolitana,13250000,90,Activo,2026-04-22
CLI-0680,12.277.419-6, Mauricio Espinoza Pérez ,mau.espinoza@empresa.cl,Concepción,Concepción,Región del Biobío,5840000,90,Activo,2026-05-28
CLI-0681,14317116-3,  marcela espinoza rodríguez  ,mar.espinoza@empresa.cl,Talcahuano,Concepción,Región del Biobío,7490000,30,Activo,2026-06-20
CLI-0682,13.452.058-2, CRISTIÁN GONZÁLEZ MUÑOZ ,cri.gonzález@outlook.cl,Santiago Centro,Santiago,Región Metropolitana,2160000,0,Inactivo,2026-01-02
CLI-0683,17.993.339-9,  francisca silva contreras  ,fra.silva@sura.cl,Maipú,Santiago,Región Metropolitana,18750000,90,Activo,2026-04-27
CLI-0684,15.205.400-3, Diego Espinoza Vergara ,die.espinoza@sura.cl,Providencia,Santiago,Región Metropolitana,17520000,60,Inactivo,2026-05-23
CLI-0685,22.218.806-5, Daniela Vergara Soto ,dan.vergara@gmail.com,Puerto Montt,Puerto Montt,Región de Los Lagos,21270000,30,Inactivo,2026-02-14
CLI-0686, 18.135.952-3 , Esteban Sepúlveda Araya ,est.sepúlveda@sura.cl,Antofagasta,Antofagasta,Región de Antofagasta,15840000,60,activo,2026-02-10
CLI-0687,14.683.944-7, Fernanda Valenzuela Muñoz ,fer.valenzuela@gmail.com,Talcahuano,Concepción,Región del Biobío,4050000,30,Activo,2026-04-25
CLI-0688,13155270-5, Felipe Vergara Silva ,fel.vergara@gmail.com,Las Condes,Santiago,Región Metropolitana,10050000,0,Inactivo,2026-03-17
CLI-0689,13.560.270-4,  beatriz tapia tapia  ,bea.tapia@servicios.cl,Ñuñoa,Santiago,Región Metropolitana,15210000,45,Inactivo,2026-07-28
CLI-0690,14.660.453-8, Matías Vergara Soto ,mat.vergara@sura.cl,Maipú,Santiago,Región Metropolitana,3870000,45,Activo,2026-02-14
CLI-0691,16286124-6, Javiera Muñoz Rodríguez ,jav.muñoz@gmail.com,Providencia,Santiago,Región Metropolitana,12600000,0,Activo,2026-04-21
CLI-0692,15.508.689-5, Álvaro Tapia Díaz ,álv.tapia@sura.cl,Viña del Mar,Valparaíso,Región de Valparaíso,16320000,0,Inactivo,2026-03-12
CLI-0693,20087213-1, Constanza Rojas Vergara ,con.rojas@servicios.cl,Ñuñoa,Santiago,Región Metropolitana,10990000,0,Activo,2026-06-21
CLI-0694,16050608-1, Sebastián Valenzuela Rojas ,seb.valenzuela@gmail.com,Ñuñoa,Santiago,Región Metropolitana,12660000,120,activo,2026-06-27
CLI-0695,22.064.179-3, Sofia Rodríguez Vergara ,sof.rodríguez@servicios.cl,Las Condes,Santiago,Región Metropolitana,18610000,15,Activo,2026-07-03
CLI-0696, 19.743.139-4 , RODRIGO FUENTES VERGARA ,rod.fuentes@outlook.cl,Ñuñoa,Santiago,Región Metropolitana,20620000,120,Activo,2026-07-05
CLI-0697, 17.104.224-5 , Carolina Fuentes Valenzuela ,car.fuentes@empresa.cl,Santiago Centro,Santiago,Región Metropolitana,10250000,30,Inactivo,2026-06-24
CLI-0698, 19.008.702-7 , Claudio Vergara Espinoza ,cla.vergara@gmail.com,Santiago Centro,Santiago,Región Metropolitana,12810000,60,Activo,2026-06-09
CLI-0699,22.103.785-5, Camila Morales Tapia ,cam.morales@consultora.cl,Santiago Centro,Santiago,Región Metropolitana,3670000,45,Activo,2026-07-18
CLI-0700,19062672-8,  mauricio gonzález silva  ,mau.gonzález@outlook.cl,Maipú,Santiago,Región Metropolitana,18590000,90,Activo,2026-02-13
CLI-0701,15196514-5, Constanza López Díaz ,con.lópez@servicios.cl,Las Condes,Santiago,Región Metropolitana,16630000,30,Inactivo,2026-04-09
CLI-0702,12.087.846-7,  diego pérez espinoza  ,die.pérez@servicios.cl,Temuco,Temuco,Región de la Araucanía,13600000,120,EN REVISIÓN,2026-05-05
CLI-0703,17006297-5,  macarena rojas vergara  ,mac.rojas@gmail.com,Valparaíso,Valparaíso,Región de Valparaíso,16930000,15,activo,2026-06-24
CLI-0704,18.102.378-1, Gabriel López Rodríguez ,gab.lópez@consultora.cl,Talcahuano,Concepción,Región del Biobío,12320000,0,activo,2026-07-22
CLI-0705,13.137.317-K,  marcela fuentes rodríguez  ,mar.fuentes@sura.cl,Concepción,Concepción,Región del Biobío,20530000,90,activo,2026-06-26
CLI-0706,20670432-3, Rodrigo Silva González ,rod.silva@gmail.com,Santiago Centro,Santiago,Región Metropolitana,3440000,0,activo,2026-04-12
CLI-0707,21.668.331-2, MACARENA TAPIA RODRÍGUEZ ,mac.tapia@servicios.cl,Santiago Centro,Santiago,Región Metropolitana,12360000,120,activo,2026-07-14
CLI-0708,14.442.129-8, Claudio Rodríguez Vergara ,cla.rodríguez@sura.cl,Talcahuano,Concepción,Región del Biobío,13600000,0,activo,2026-03-09
CLI-0709,15.793.359-4,  camila morales sepúlveda  ,cam.morales@consultora.cl,Talcahuano,Concepción,Región del Biobío,12020000,15,activo,2026-02-06
CLI-0710, 14.033.341-K , Gabriel Díaz Valenzuela ,gab.díaz@sura.cl,Ñuñoa,Santiago,Región Metropolitana,15610000,15,Activo,2026-03-15
CLI-0711, 13.292.673-5 , JAVIERA SOTO LÓPEZ ,jav.soto@servicios.cl,Las Condes,Santiago,Región Metropolitana,19690000,60,En Revisión,2026-07-02
CLI-0712,12.130.613-7, Esteban Contreras Contreras ,est.contreras@gmail.com,Puerto Montt,Puerto Montt,Región de Los Lagos,20500000,15,Inactivo,2026-04-07
CLI-0713, 11.789.099-K ,  constanza rodríguez morales  ,con.rodríguez@gmail.com,Puerto Montt,Puerto Montt,Región de Los Lagos,20710000,0,EN REVISIÓN,2026-06-20
CLI-0714,21929445-1, TOMAS CONTRERAS PÉREZ ,tom.contreras@servicios.cl,Talcahuano,Concepción,Región del Biobío,4430000,45,EN REVISIÓN,2026-03-01
CLI-0715, 11.711.201-3 , Catalina Sepúlveda Sepúlveda ,cat.sepúlveda@outlook.cl,Ñuñoa,Santiago,Región Metropolitana,7930000,60,En Revisión,2026-03-18
CLI-0716, 11.356.961-4 ,  javier muñoz valenzuela  ,jav.muñoz@gmail.com,Providencia,Santiago,Región Metropolitana,20140000,60,Inactivo,2026-05-28
CLI-0717,15.362.740-2, Carolina Araya Muñoz ,car.araya@servicios.cl,Santiago Centro,Santiago,Región Metropolitana,2450000,0,En Revisión,2026-03-26
CLI-0718,17847176-8,  felipe tapia espinoza  ,fel.tapia@gmail.com,La Serena,La Serena,Región de Coquimbo,18020000,0,Inactivo,2026-04-05
CLI-0719,21.116.953-6,  javiera araya valenzuela  ,jav.araya@outlook.cl,Antofagasta,Antofagasta,Región de Antofagasta,18160000,15,En Revisión,2026-07-16
CLI-0720,21343443-K, Ignacio Espinoza Contreras ,ign.espinoza@outlook.cl,La Serena,La Serena,Región de Coquimbo,14500000,0,EN REVISIÓN,2026-03-14
CLI-0721, 15.884.916-5 , CAMILA FUENTES VERGARA ,cam.fuentes@outlook.cl,Valparaíso,Valparaíso,Región de Valparaíso,17060000,15,Inactivo,2026-01-13
CLI-0722,14557116-9,  gonzalo díaz tapia  ,gon.díaz@gmail.com,La Serena,La Serena,Región de Coquimbo,21710000,60,activo,2026-04-16
CLI-0723, 21.504.216-K , Macarena Rodríguez Díaz ,mac.rodríguez@servicios.cl,Talcahuano,Concepción,Región del Biobío,19250000,45,EN REVISIÓN,2026-01-05
CLI-0724,17181860-9, IGNACIO PÉREZ MUÑOZ ,ign.pérez@gmail.com,Temuco,Temuco,Región de la Araucanía,17930000,90,Inactivo,2026-05-08
CLI-0725, 16.481.237-2 , VALENTINA ROJAS VERGARA ,val.rojas@empresa.cl,Ñuñoa,Santiago,Región Metropolitana,20290000,120,activo,2026-03-09
CLI-0726,21921753-0, Gonzalo Contreras González ,gon.contreras@gmail.com,Antofagasta,Antofagasta,Región de Antofagasta,19300000,45,En Revisión,2026-02-08
CLI-0727,12.684.699-1, Camila Rojas Tapia ,cam.rojas@gmail.com,Temuco,Temuco,Región de la Araucanía,2680000,60,Inactivo,2026-03-16
CLI-0728,15.251.345-3, Claudio Araya Fuentes ,cla.araya@outlook.cl,Concepción,Concepción,Región del Biobío,16490000,45,En Revisión,2026-02-15
CLI-0729,19.479.808-K,  javiera silva araya  ,jav.silva@gmail.com,Ñuñoa,Santiago,Región Metropolitana,16290000,120,EN REVISIÓN,2026-05-19
CLI-0730,16460400-8,  hernán araya silva  ,her.araya@outlook.cl,Antofagasta,Antofagasta,Región de Antofagasta,5340000,90,EN REVISIÓN,2026-02-27
CLI-0731,15.595.705-8, Paula Muñoz Pérez ,pau.muñoz@empresa.cl,Temuco,Temuco,Región de la Araucanía,11370000,45,activo,2026-01-25
CLI-0732,19.077.235-7, Ignacio Vergara González ,ign.vergara@outlook.cl,Concepción,Concepción,Región del Biobío,2770000,0,En Revisión,2026-04-13
CLI-0733,21.006.193-8, BEATRIZ VALENZUELA RODRÍGUEZ ,bea.valenzuela@servicios.cl,Antofagasta,Antofagasta,Región de Antofagasta,9160000,90,activo,2026-03-23
CLI-0734,18.661.277-6, Álvaro Contreras Pérez ,álv.contreras@consultora.cl,Antofagasta,Antofagasta,Región de Antofagasta,7870000,45,Inactivo,2026-06-07
CLI-0735,22321388-5, Daniela Muñoz Pérez ,dan.muñoz@sura.cl,Ñuñoa,Santiago,Región Metropolitana,4850000,90,Activo,2026-06-03
CLI-0736,11.394.486-4, Ignacio Pérez Rodríguez ,ign.pérez@consultora.cl,Viña del Mar,Valparaíso,Región de Valparaíso,20610000,90,Inactivo,2026-07-24
CLI-0737,15.578.153-2, Marcela Valenzuela Muñoz ,mar.valenzuela@servicios.cl,Maipú,Santiago,Región Metropolitana,3710000,0,En Revisión,2026-02-12
CLI-0738,19556534-4, MATÍAS VALENZUELA ARAYA ,mat.valenzuela@empresa.cl,Valparaíso,Valparaíso,Región de Valparaíso,19320000,15,activo,2026-03-20
CLI-0739,21.664.994-6, FRANCISCA CONTRERAS VERGARA ,fra.contreras@consultora.cl,Temuco,Temuco,Región de la Araucanía,16170000,0,En Revisión,2026-07-09
CLI-0740,16.617.720-K, Sebastián López Espinoza ,seb.lópez@servicios.cl,Antofagasta,Antofagasta,Región de Antofagasta,12090000,45,En Revisión,2026-03-02
CLI-0741,13374637-1,  valentina silva soto  ,val.silva@consultora.cl,Maipú,Santiago,Región Metropolitana,13940000,30,Inactivo,2026-01-18
CLI-0742,19.637.927-2, SEBASTIÁN PÉREZ CONTRERAS ,seb.pérez@outlook.cl,Talcahuano,Concepción,Región del Biobío,8450000,90,En Revisión,2026-02-28
CLI-0743,13.705.155-9, Catalina Rodríguez Fuentes ,cat.rodríguez@consultora.cl,La Serena,La Serena,Región de Coquimbo,9920000,90,EN REVISIÓN,2026-01-26
CLI-0744,16186901-1, Javier López Fuentes ,jav.lópez@sura.cl,Valparaíso,Valparaíso,Región de Valparaíso,3350000,60,activo,2026-04-05
CLI-0745,12406274-K, Daniela Muñoz González ,dan.muñoz@sura.cl,Antofagasta,Antofagasta,Región de Antofagasta,12780000,0,activo,2026-07-22
CLI-0746,11.365.738-5, Diego Valenzuela López ,die.valenzuela@outlook.cl,Talcahuano,Concepción,Región del Biobío,9370000,0,EN REVISIÓN,2026-05-21
CLI-0747,14.068.812-0, Andrea Contreras Díaz ,and.contreras@empresa.cl,Puerto Montt,Puerto Montt,Región de Los Lagos,15660000,90,EN REVISIÓN,2026-03-19
CLI-0748,14.151.650-3, Esteban González González ,est.gonzález@servicios.cl,Temuco,Temuco,Región de la Araucanía,15130000,90,En Revisión,2026-07-16
CLI-0749,20.261.325-7, Javiera Vergara Rojas ,jav.vergara@consultora.cl,Antofagasta,Antofagasta,Región de Antofagasta,17220000,30,activo,2026-05-07
CLI-0750,11158641-2,  diego araya espinoza  ,die.araya@empresa.cl,Las Condes,Santiago,Región Metropolitana,6360000,90,activo,2026-02-19
CLI-0751,13.978.939-6,  sofia silva vergara  ,sof.silva@gmail.com,Santiago Centro,Santiago,Región Metropolitana,12950000,15,activo,2026-05-12
CLI-0752, 20.139.527-6 ,  matías díaz sepúlveda  ,mat.díaz@consultora.cl,Puerto Montt,Puerto Montt,Región de Los Lagos,18440000,60,En Revisión,2026-06-03
CLI-0753,11.390.200-1, Sofia López Pérez ,sof.lópez@gmail.com,Temuco,Temuco,Región de la Araucanía,17060000,15,activo,2026-06-28
CLI-0754, 19.874.701-7 , Claudio Muñoz Sepúlveda ,cla.muñoz@consultora.cl,La Serena,La Serena,Región de Coquimbo,790000,0,En Revisión,2026-03-16
CLI-0755,20.274.430-9,  francisca díaz gonzález  ,fra.díaz@outlook.cl,Santiago Centro,Santiago,Región Metropolitana,19760000,30,activo,2026-04-18
CLI-0756,22.490.862-3, ESTEBAN CONTRERAS CONTRERAS ,est.contreras@sura.cl,Antofagasta,Antofagasta,Región de Antofagasta,9170000,0,Inactivo,2026-07-14
CLI-0757,16695468-8, Loreto Rodríguez Morales ,lor.rodríguez@outlook.cl,Talcahuano,Concepción,Región del Biobío,15940000,15,activo,2026-07-10
CLI-0758,21.871.809-9, ÁLVARO LÓPEZ MORALES ,álv.lópez@consultora.cl,Santiago Centro,Santiago,Región Metropolitana,6070000,90,En Revisión,2026-05-15
CLI-0759,12923901-1, Carolina Rodríguez Espinoza ,car.rodríguez@outlook.cl,Las Condes,Santiago,Región Metropolitana,7850000,0,EN REVISIÓN,2026-01-10
CLI-0760,14.269.683-0, Gonzalo Rojas Fuentes ,gon.rojas@gmail.com,Maipú,Santiago,Región Metropolitana,2400000,0,Inactivo,2026-07-07
CLI-0761,17191972-2,  andrea sepúlveda lópez  ,and.sepúlveda@consultora.cl,Las Condes,Santiago,Región Metropolitana,17040000,0,Activo,2026-06-19
CLI-0762,14875190-K,  claudio fuentes lópez  ,cla.fuentes@outlook.cl,Viña del Mar,Valparaíso,Región de Valparaíso,15590000,60,EN REVISIÓN,2026-05-21
CLI-0763,19783717-4, Javiera Soto Pérez ,jav.soto@empresa.cl,Providencia,Santiago,Región Metropolitana,18140000,0,EN REVISIÓN,2026-04-24
CLI-0764,11.053.368-6, Tomas Fuentes Valenzuela ,tom.fuentes@outlook.cl,Antofagasta,Antofagasta,Región de Antofagasta,2760000,0,Activo,2026-02-13
CLI-0765,17.034.609-0, Sofia Silva Espinoza ,sof.silva@outlook.cl,Las Condes,Santiago,Región Metropolitana,2990000,0,Inactivo,2026-05-28
CLI-0766,18.689.610-6,  ignacio gonzález rojas  ,ign.gonzález@empresa.cl,Concepción,Concepción,Región del Biobío,20360000,15,Inactivo,2026-02-07
CLI-0767, 11.806.861-7 , Macarena Morales Vergara ,mac.morales@gmail.com,Talcahuano,Concepción,Región del Biobío,5570000,15,activo,2026-05-14
CLI-0768,18036179-1,  javier díaz gonzález  ,jav.díaz@gmail.com,Ñuñoa,Santiago,Región Metropolitana,3760000,120,activo,2026-07-20
CLI-0769, 16.570.888-6 , MARCELA MORALES MORALES ,mar.morales@consultora.cl,Valparaíso,Valparaíso,Región de Valparaíso,15090000,120,EN REVISIÓN,2026-03-16
CLI-0770,18.344.489-0, MATÍAS ROJAS ARAYA ,mat.rojas@servicios.cl,Maipú,Santiago,Región Metropolitana,1410000,0,Activo,2026-06-27
CLI-0771,20978853-9, Catalina Espinoza González ,cat.espinoza@consultora.cl,Providencia,Santiago,Región Metropolitana,12370000,30,En Revisión,2026-01-09
CLI-0772,20947764-8, Cristián González Contreras ,cri.gonzález@servicios.cl,Valparaíso,Valparaíso,Región de Valparaíso,14740000,0,activo,2026-02-22
CLI-0773,14361797-0, SOFIA RODRÍGUEZ TAPIA ,sof.rodríguez@sura.cl,Las Condes,Santiago,Región Metropolitana,19960000,30,Activo,2026-03-10
CLI-0774,19.972.651-K, Gonzalo Vergara Araya ,gon.vergara@servicios.cl,La Serena,La Serena,Región de Coquimbo,12490000,15,Inactivo,2026-04-01
CLI-0775, 12.183.435-6 ,  javiera soto gonzález  ,jav.soto@servicios.cl,Ñuñoa,Santiago,Región Metropolitana,8910000,120,EN REVISIÓN,2026-01-22
CLI-0776, 13.095.448-9 , Mauricio Contreras González ,mau.contreras@consultora.cl,La Serena,La Serena,Región de Coquimbo,17060000,45,En Revisión,2026-02-14
CLI-0777,21241989-7, MACARENA PÉREZ VERGARA ,mac.pérez@sura.cl,Concepción,Concepción,Región del Biobío,11370000,0,Inactivo,2026-07-15
CLI-0778,14.398.770-5, Sebastián Tapia Soto ,seb.tapia@sura.cl,Puerto Montt,Puerto Montt,Región de Los Lagos,9420000,0,activo,2026-05-04
CLI-0779, 18.332.488-6 , Loreto Morales Contreras ,lor.morales@gmail.com,Talcahuano,Concepción,Región del Biobío,17990000,45,Inactivo,2026-02-14
CLI-0780,13.977.978-6,  matías valenzuela tapia  ,mat.valenzuela@consultora.cl,Ñuñoa,Santiago,Región Metropolitana,2850000,15,EN REVISIÓN,2026-01-11
CLI-0781,17516727-7, Francisca Silva Rojas ,fra.silva@gmail.com,Viña del Mar,Valparaíso,Región de Valparaíso,1490000,0,EN REVISIÓN,2026-01-09
CLI-0782, 19.354.909-4 , Cristián Valenzuela Vergara ,cri.valenzuela@outlook.cl,Valparaíso,Valparaíso,Región de Valparaíso,19430000,30,activo,2026-04-06
CLI-0783,16.766.254-5, Sofia Espinoza Espinoza ,sof.espinoza@consultora.cl,Ñuñoa,Santiago,Región Metropolitana,20790000,30,activo,2026-03-11
CLI-0784,17.956.679-5, Tomas Rodríguez Valenzuela ,tom.rodríguez@gmail.com,Santiago Centro,Santiago,Región Metropolitana,18790000,0,EN REVISIÓN,2026-05-05
CLI-0785,13.573.284-1, Loreto Vergara Contreras ,lor.vergara@consultora.cl,La Serena,La Serena,Región de Coquimbo,3720000,60,Inactivo,2026-03-14
CLI-0786,17404614-9, MAURICIO ROJAS PÉREZ ,mau.rojas@empresa.cl,Providencia,Santiago,Región Metropolitana,9100000,60,Activo,2026-07-22
CLI-0787,13300212-9,  fernanda morales díaz  ,fer.morales@empresa.cl,Valparaíso,Valparaíso,Región de Valparaíso,19360000,45,EN REVISIÓN,2026-05-11
CLI-0788, 16.782.697-2 , Cristián Rojas Rodríguez ,cri.rojas@servicios.cl,Temuco,Temuco,Región de la Araucanía,7230000,15,activo,2026-05-12
CLI-0789,20134873-K,  loreto araya vergara  ,lor.araya@outlook.cl,Antofagasta,Antofagasta,Región de Antofagasta,5960000,45,Inactivo,2026-03-02
CLI-0790,14.353.927-5, ESTEBAN CONTRERAS PÉREZ ,est.contreras@servicios.cl,Temuco,Temuco,Región de la Araucanía,9850000,120,Inactivo,2026-03-14
CLI-0791, 18.589.730-4 , Paula Tapia Muñoz ,pau.tapia@empresa.cl,La Serena,La Serena,Región de Coquimbo,9200000,30,EN REVISIÓN,2026-07-01
CLI-0792,13.189.660-2, Álvaro Rodríguez Rodríguez ,álv.rodríguez@consultora.cl,Maipú,Santiago,Región Metropolitana,3080000,30,En Revisión,2026-04-17
CLI-0793, 16.198.351-5 , Catalina López Fuentes ,cat.lópez@outlook.cl,Las Condes,Santiago,Región Metropolitana,20850000,120,Activo,2026-01-03
CLI-0794,15.099.642-7, Mauricio Rojas Fuentes ,mau.rojas@sura.cl,Las Condes,Santiago,Región Metropolitana,2420000,0,Inactivo,2026-05-22
CLI-0795,12.244.266-8, JAVIERA DÍAZ ESPINOZA ,jav.díaz@sura.cl,Valparaíso,Valparaíso,Región de Valparaíso,6830000,0,activo,2026-04-20
CLI-0796, 13.248.557-6 , Esteban Araya Sepúlveda ,est.araya@gmail.com,Talcahuano,Concepción,Región del Biobío,16050000,90,En Revisión,2026-07-21
CLI-0797,11.334.295-K, Catalina Contreras Rojas ,cat.contreras@consultora.cl,Antofagasta,Antofagasta,Región de Antofagasta,21430000,15,Activo,2026-05-13
CLI-0798,13959448-7, GABRIEL ESPINOZA ARAYA ,gab.espinoza@empresa.cl,Viña del Mar,Valparaíso,Región de Valparaíso,10590000,0,En Revisión,2026-03-03
CLI-0799,11.124.171-2, ANDREA SEPÚLVEDA ESPINOZA ,and.sepúlveda@consultora.cl,Las Condes,Santiago,Región Metropolitana,3460000,90,En Revisión,2026-02-12
CLI-0800,20.151.659-4, Tomas Valenzuela Muñoz ,tom.valenzuela@consultora.cl,Concepción,Concepción,Región del Biobío,15890000,0,En Revisión,2026-06-14
CLI-0801,13.023.527-6,  francisca rojas valenzuela  ,fra.rojas@sura.cl,Las Condes,Santiago,Región Metropolitana,12580000,120,En Revisión,2026-06-11
CLI-0802, 22.452.644-K , CLAUDIO GONZÁLEZ PÉREZ ,cla.gonzález@gmail.com,Las Condes,Santiago,Región Metropolitana,17380000,15,EN REVISIÓN,2026-03-18
CLI-0803, 19.334.906-5 , Beatriz Silva Araya ,bea.silva@servicios.cl,La Serena,La Serena,Región de Coquimbo,15310000,0,En Revisión,2026-03-19
CLI-0804,21.702.391-4,  hernán araya fuentes  ,her.araya@empresa.cl,Valparaíso,Valparaíso,Región de Valparaíso,610000,30,Inactivo,2026-07-03
CLI-0805,16259379-5, Sofia Fuentes López ,sof.fuentes@servicios.cl,Santiago Centro,Santiago,Región Metropolitana,21060000,30,Inactivo,2026-05-15
CLI-0806,13804487-9, Felipe Valenzuela Soto ,fel.valenzuela@consultora.cl,Talcahuano,Concepción,Región del Biobío,11200000,15,Activo,2026-05-17
CLI-0807,15.366.388-1, Sofia Soto Araya ,sof.soto@empresa.cl,Antofagasta,Antofagasta,Región de Antofagasta,540000,15,activo,2026-01-15
CLI-0808, 17.574.755-4 ,  esteban díaz rojas  ,est.díaz@servicios.cl,Ñuñoa,Santiago,Región Metropolitana,18000000,0,Inactivo,2026-05-10
CLI-0809,17294373-7, CONSTANZA CONTRERAS FUENTES ,con.contreras@sura.cl,La Serena,La Serena,Región de Coquimbo,17150000,0,En Revisión,2026-07-07
CLI-0810,18.814.444-8,  cristián silva gonzález  ,cri.silva@sura.cl,Antofagasta,Antofagasta,Región de Antofagasta,11760000,30,activo,2026-04-21
CLI-0811,18460324-5, MARCELA MORALES LÓPEZ ,mar.morales@consultora.cl,Talcahuano,Concepción,Región del Biobío,11010000,0,En Revisión,2026-04-15
CLI-0812,11154460-6, IGNACIO VALENZUELA MUÑOZ ,ign.valenzuela@empresa.cl,Valparaíso,Valparaíso,Región de Valparaíso,10530000,0,EN REVISIÓN,2026-05-11
CLI-0813,17.633.779-8, Sofia Fuentes Valenzuela ,sof.fuentes@servicios.cl,Las Condes,Santiago,Región Metropolitana,14200000,30,En Revisión,2026-04-09
CLI-0814,22.111.002-6, ESTEBAN CONTRERAS SEPÚLVEDA ,est.contreras@consultora.cl,Providencia,Santiago,Región Metropolitana,5370000,60,Inactivo,2026-04-25
CLI-0815,20481651-5, Javiera Silva Contreras ,jav.silva@sura.cl,Maipú,Santiago,Región Metropolitana,17180000,120,EN REVISIÓN,2026-04-07
CLI-0816,13.923.397-K,  matías morales araya  ,mat.morales@outlook.cl,Talcahuano,Concepción,Región del Biobío,7090000,90,Activo,2026-03-09
CLI-0817,15.389.419-1,  camila vergara morales  ,cam.vergara@outlook.cl,Talcahuano,Concepción,Región del Biobío,9430000,0,Activo,2026-07-23
CLI-0818, 15.617.915-5 , ÁLVARO FUENTES GONZÁLEZ ,álv.fuentes@gmail.com,Las Condes,Santiago,Región Metropolitana,5230000,60,activo,2026-05-14
CLI-0819,17.180.304-4, BEATRIZ FUENTES ROJAS ,bea.fuentes@empresa.cl,Puerto Montt,Puerto Montt,Región de Los Lagos,6230000,90,Activo,2026-04-21
CLI-0820,12.811.449-9, Gabriel González Silva ,gab.gonzález@outlook.cl,Valparaíso,Valparaíso,Región de Valparaíso,20700000,0,Activo,2026-05-03
CLI-0821,13935105-3, Fernanda Muñoz Morales ,fer.muñoz@outlook.cl,Santiago Centro,Santiago,Región Metropolitana,6270000,45,En Revisión,2026-06-10
CLI-0822,22.476.077-K, Álvaro López Vergara ,álv.lópez@servicios.cl,Valparaíso,Valparaíso,Región de Valparaíso,7680000,45,Activo,2026-05-22
CLI-0823, 13.182.612-K , CAROLINA PÉREZ SEPÚLVEDA ,car.pérez@empresa.cl,Ñuñoa,Santiago,Región Metropolitana,8610000,30,activo,2026-02-08
CLI-0824,19.801.145-6, Claudio Soto González ,cla.soto@outlook.cl,Las Condes,Santiago,Región Metropolitana,19920000,15,Activo,2026-07-25
CLI-0825,20.481.881-6, Fernanda Soto Rodríguez ,fer.soto@outlook.cl,Concepción,Concepción,Región del Biobío,4800000,45,Inactivo,2026-02-03
CLI-0826, 18.309.696-0 , Diego Soto Soto ,die.soto@sura.cl,Las Condes,Santiago,Región Metropolitana,11770000,15,Activo,2026-06-18
CLI-0827,20813557-K, Fernanda Tapia Fuentes ,fer.tapia@servicios.cl,Providencia,Santiago,Región Metropolitana,6130000,90,Inactivo,2026-01-16
CLI-0828,22.414.645-5, Gabriel Contreras Morales ,gab.contreras@sura.cl,Concepción,Concepción,Región del Biobío,20470000,120,activo,2026-02-19
CLI-0829,18.376.078-9, Loreto Morales Valenzuela ,lor.morales@empresa.cl,Temuco,Temuco,Región de la Araucanía,13220000,0,Activo,2026-06-03
CLI-0830,14.379.132-7,  claudio muñoz tapia  ,cla.muñoz@consultora.cl,Antofagasta,Antofagasta,Región de Antofagasta,560000,0,Inactivo,2026-07-05
CLI-0831, 22.465.052-9 , Camila Valenzuela Rojas ,cam.valenzuela@gmail.com,La Serena,La Serena,Región de Coquimbo,15940000,60,Activo,2026-06-07
CLI-0832, 20.947.049-9 , Matías Morales Rojas ,mat.morales@gmail.com,Las Condes,Santiago,Región Metropolitana,750000,0,activo,2026-05-21
CLI-0833,13.089.278-7, Daniela Tapia Tapia ,dan.tapia@servicios.cl,Providencia,Santiago,Región Metropolitana,16520000,0,activo,2026-06-27
CLI-0834,20.171.697-K, Cristián Fuentes González ,cri.fuentes@servicios.cl,Antofagasta,Antofagasta,Región de Antofagasta,13140000,45,En Revisión,2026-02-03
CLI-0835,22175780-4, VALENTINA SILVA VERGARA ,val.silva@empresa.cl,Valparaíso,Valparaíso,Región de Valparaíso,20310000,0,En Revisión,2026-05-11
CLI-0836,12.232.514-4, Felipe Pérez Muñoz ,fel.pérez@empresa.cl,Concepción,Concepción,Región del Biobío,21900000,0,En Revisión,2026-02-24
CLI-0837,21.872.901-7,  marcela pérez fuentes  ,mar.pérez@servicios.cl,Valparaíso,Valparaíso,Región de Valparaíso,13270000,120,activo,2026-04-28
CLI-0838,17.694.695-2,  sebastián pérez muñoz  ,seb.pérez@empresa.cl,Valparaíso,Valparaíso,Región de Valparaíso,6460000,45,Inactivo,2026-01-12
CLI-0839,12419872-K, Paula López Sepúlveda ,pau.lópez@sura.cl,Viña del Mar,Valparaíso,Región de Valparaíso,1890000,30,En Revisión,2026-03-25
CLI-0840, 16.466.946-4 , Matías González López ,mat.gonzález@sura.cl,Las Condes,Santiago,Región Metropolitana,660000,60,EN REVISIÓN,2026-04-08
CLI-0841,11085741-5, Francisca Valenzuela Rodríguez ,fra.valenzuela@empresa.cl,Viña del Mar,Valparaíso,Región de Valparaíso,5940000,45,Inactivo,2026-02-03
CLI-0842, 20.297.968-3 , Álvaro Muñoz Sepúlveda ,álv.muñoz@outlook.cl,Las Condes,Santiago,Región Metropolitana,7440000,60,Inactivo,2026-05-11
CLI-0843, 16.640.904-8 , CAMILA ARAYA SEPÚLVEDA ,cam.araya@empresa.cl,Providencia,Santiago,Región Metropolitana,4200000,90,activo,2026-06-24
CLI-0844, 16.608.401-9 , Javier Morales Morales ,jav.morales@servicios.cl,Temuco,Temuco,Región de la Araucanía,18820000,90,En Revisión,2026-06-15
CLI-0845, 21.961.385-3 , Beatriz Pérez Fuentes ,bea.pérez@servicios.cl,Las Condes,Santiago,Región Metropolitana,14820000,45,Activo,2026-01-12
CLI-0846,20.607.532-5, Diego Soto Muñoz ,die.soto@sura.cl,Las Condes,Santiago,Región Metropolitana,17510000,120,Inactivo,2026-01-08
CLI-0847,12983533-4,  camila tapia sepúlveda  ,cam.tapia@gmail.com,Ñuñoa,Santiago,Región Metropolitana,12110000,120,EN REVISIÓN,2026-02-22
CLI-0848,19.291.077-K, HERNÁN ARAYA VERGARA ,her.araya@sura.cl,Providencia,Santiago,Región Metropolitana,2180000,45,En Revisión,2026-04-19
CLI-0849,19041953-0, Catalina Araya Soto ,cat.araya@gmail.com,Temuco,Temuco,Región de la Araucanía,1430000,60,Activo,2026-06-27
CLI-0850,17.700.855-2, Rodrigo Contreras Tapia ,rod.contreras@outlook.cl,Concepción,Concepción,Región del Biobío,16620000,90,En Revisión,2026-02-12
CLI-0851,14.853.288-K, Javiera Rodríguez Soto ,jav.rodríguez@servicios.cl,Valparaíso,Valparaíso,Región de Valparaíso,4650000,0,Activo,2026-07-22
CLI-0852,16635029-5, Javier Morales Sepúlveda ,jav.morales@empresa.cl,Maipú,Santiago,Región Metropolitana,7840000,0,EN REVISIÓN,2026-01-07
CLI-0853, 17.550.135-7 , ANDREA SOTO RODRÍGUEZ ,and.soto@servicios.cl,Santiago Centro,Santiago,Región Metropolitana,10550000,30,Activo,2026-01-25
CLI-0854,18.005.566-2, GABRIEL LÓPEZ SOTO ,gab.lópez@empresa.cl,Antofagasta,Antofagasta,Región de Antofagasta,2740000,0,activo,2026-03-05
CLI-0855, 11.035.787-2 ,  fernanda soto lópez  ,fer.soto@servicios.cl,Maipú,Santiago,Región Metropolitana,13560000,0,activo,2026-05-23
CLI-0856,15.379.306-8, Gabriel Espinoza Vergara ,gab.espinoza@empresa.cl,Santiago Centro,Santiago,Región Metropolitana,20080000,15,activo,2026-04-05
CLI-0857,12.338.090-0, Camila Araya Fuentes ,cam.araya@outlook.cl,Valparaíso,Valparaíso,Región de Valparaíso,21340000,30,Inactivo,2026-02-28
CLI-0858,19445442-K, Javier López Morales ,jav.lópez@sura.cl,Antofagasta,Antofagasta,Región de Antofagasta,18850000,45,Inactivo,2026-06-15
CLI-0859,12.664.059-K, SOFIA SOTO LÓPEZ ,sof.soto@outlook.cl,Temuco,Temuco,Región de la Araucanía,4920000,0,EN REVISIÓN,2026-02-23
CLI-0860,11.272.844-6, TOMAS ARAYA RODRÍGUEZ ,tom.araya@sura.cl,Valparaíso,Valparaíso,Región de Valparaíso,8230000,0,Activo,2026-06-19
CLI-0861,13.220.131-9, Valentina López Soto ,val.lópez@consultora.cl,Puerto Montt,Puerto Montt,Región de Los Lagos,19800000,0,EN REVISIÓN,2026-06-13
CLI-0862, 13.398.324-7 , HERNÁN ROJAS VERGARA ,her.rojas@consultora.cl,Santiago Centro,Santiago,Región Metropolitana,13210000,45,Activo,2026-01-08
CLI-0863,18.171.355-0, Francisca Morales Espinoza ,fra.morales@empresa.cl,Valparaíso,Valparaíso,Región de Valparaíso,9500000,0,Activo,2026-06-20
CLI-0864,15405499-K, Sebastián Fuentes Silva ,seb.fuentes@servicios.cl,Maipú,Santiago,Región Metropolitana,11180000,30,En Revisión,2026-06-22
CLI-0865,14.550.971-4, Marcela Rodríguez Espinoza ,mar.rodríguez@gmail.com,Puerto Montt,Puerto Montt,Región de Los Lagos,6380000,15,En Revisión,2026-02-09
CLI-0866,13.866.124-K, Matías Pérez Vergara ,mat.pérez@servicios.cl,Valparaíso,Valparaíso,Región de Valparaíso,7750000,30,Inactivo,2026-04-13
CLI-0867,19.157.124-1, Macarena Contreras Pérez ,mac.contreras@sura.cl,Providencia,Santiago,Región Metropolitana,2940000,90,Activo,2026-04-10
CLI-0868,17.644.890-8, Ignacio Fuentes Morales ,ign.fuentes@empresa.cl,Maipú,Santiago,Región Metropolitana,3140000,0,activo,2026-05-02
CLI-0869,17035538-0,  andrea vergara lópez  ,and.vergara@outlook.cl,Puerto Montt,Puerto Montt,Región de Los Lagos,2020000,30,Activo,2026-02-16
CLI-0870,16.321.210-4,  cristián díaz muñoz  ,cri.díaz@sura.cl,Providencia,Santiago,Región Metropolitana,6200000,30,Inactivo,2026-01-11
CLI-0871,19.492.163-0, Macarena Soto Rodríguez ,mac.soto@empresa.cl,Maipú,Santiago,Región Metropolitana,8380000,90,activo,2026-01-18
CLI-0872,20.385.314-8, Gabriel Sepúlveda Pérez ,gab.sepúlveda@sura.cl,Talcahuano,Concepción,Región del Biobío,21890000,120,En Revisión,2026-07-09
CLI-0873, 17.616.164-2 , Daniela Pérez Rodríguez ,dan.pérez@empresa.cl,La Serena,La Serena,Región de Coquimbo,17390000,45,activo,2026-02-06
CLI-0874, 19.070.577-K , Gonzalo Soto Soto ,gon.soto@outlook.cl,Concepción,Concepción,Región del Biobío,4570000,90,Activo,2026-06-07
CLI-0875,11.419.875-7, Fernanda Contreras Araya ,fer.contreras@sura.cl,Temuco,Temuco,Región de la Araucanía,15320000,45,Activo,2026-01-03
CLI-0876,15135391-8, CLAUDIO MUÑOZ RODRÍGUEZ ,cla.muñoz@outlook.cl,Las Condes,Santiago,Región Metropolitana,610000,60,Activo,2026-04-19
CLI-0877,20.055.540-8, Daniela Araya Díaz ,dan.araya@sura.cl,Providencia,Santiago,Región Metropolitana,11920000,0,EN REVISIÓN,2026-01-14
CLI-0878, 14.707.341-2 , Álvaro Valenzuela Rodríguez ,álv.valenzuela@empresa.cl,Temuco,Temuco,Región de la Araucanía,10870000,15,activo,2026-05-24
CLI-0879, 15.131.605-3 , SOFIA TAPIA PÉREZ ,sof.tapia@servicios.cl,Concepción,Concepción,Región del Biobío,2040000,30,Inactivo,2026-03-07
CLI-0880,13.172.553-6,  cristián araya espinoza  ,cri.araya@outlook.cl,La Serena,La Serena,Región de Coquimbo,7700000,0,EN REVISIÓN,2026-06-22
CLI-0881,18.247.565-2, Macarena Araya Espinoza ,mac.araya@servicios.cl,Providencia,Santiago,Región Metropolitana,9250000,45,EN REVISIÓN,2026-02-28
CLI-0882,15686862-6, Rodrigo Morales Díaz ,rod.morales@gmail.com,Concepción,Concepción,Región del Biobío,18430000,60,Inactivo,2026-05-24
CLI-0883,21.035.289-2, Sofia Fuentes Muñoz ,sof.fuentes@outlook.cl,Puerto Montt,Puerto Montt,Región de Los Lagos,6310000,60,Inactivo,2026-04-26
CLI-0884,14651582-0, Sebastián Soto Rojas ,seb.soto@outlook.cl,Valparaíso,Valparaíso,Región de Valparaíso,15740000,45,Activo,2026-05-19
CLI-0885,22.335.089-8, Beatriz Rojas Valenzuela ,bea.rojas@gmail.com,Temuco,Temuco,Región de la Araucanía,18650000,15,Inactivo,2026-06-25
CLI-0886,12391240-2, Cristián Fuentes Araya ,cri.fuentes@gmail.com,Concepción,Concepción,Región del Biobío,8840000,15,EN REVISIÓN,2026-02-16
CLI-0887,19.157.010-8,  javiera araya valenzuela  ,jav.araya@sura.cl,Concepción,Concepción,Región del Biobío,13610000,45,En Revisión,2026-05-21
CLI-0888,18534699-2,  rodrigo muñoz espinoza  ,rod.muñoz@servicios.cl,Puerto Montt,Puerto Montt,Región de Los Lagos,11280000,30,Activo,2026-06-25
CLI-0889,11543884-4,  valentina soto rojas  ,val.soto@consultora.cl,Valparaíso,Valparaíso,Región de Valparaíso,18960000,120,activo,2026-07-03
CLI-0890,18108370-2,  diego fuentes rodríguez  ,die.fuentes@empresa.cl,Las Condes,Santiago,Región Metropolitana,7860000,0,Activo,2026-04-18
CLI-0891,18.073.078-8, Sofia Pérez Silva ,sof.pérez@servicios.cl,Puerto Montt,Puerto Montt,Región de Los Lagos,9670000,120,Inactivo,2026-05-26
CLI-0892,15.399.824-1, Hernán Díaz Tapia ,her.díaz@empresa.cl,Puerto Montt,Puerto Montt,Región de Los Lagos,20030000,30,Activo,2026-03-13
CLI-0893,21243426-0,  loreto araya gonzález  ,lor.araya@sura.cl,Maipú,Santiago,Región Metropolitana,1240000,0,EN REVISIÓN,2026-02-24
CLI-0894, 20.618.398-K , Diego Muñoz Muñoz ,die.muñoz@empresa.cl,Valparaíso,Valparaíso,Región de Valparaíso,15250000,15,Inactivo,2026-07-22
CLI-0895,17.962.366-9,  daniela morales valenzuela  ,dan.morales@gmail.com,Las Condes,Santiago,Región Metropolitana,14300000,0,Inactivo,2026-07-01
CLI-0896,12.762.444-8, Rodrigo Morales Díaz ,rod.morales@outlook.cl,Ñuñoa,Santiago,Región Metropolitana,3070000,30,Activo,2026-06-05
CLI-0897, 19.157.371-2 , MACARENA PÉREZ ARAYA ,mac.pérez@servicios.cl,Viña del Mar,Valparaíso,Región de Valparaíso,16250000,15,Inactivo,2026-07-09
CLI-0898,19.859.067-1,  hernán soto pérez  ,her.soto@sura.cl,Santiago Centro,Santiago,Región Metropolitana,19920000,45,EN REVISIÓN,2026-05-01
CLI-0899,17.304.268-1, Camila Vergara Valenzuela ,cam.vergara@servicios.cl,Providencia,Santiago,Región Metropolitana,1580000,0,En Revisión,2026-06-02
CLI-0900,19534637-4, Matías Araya Silva ,mat.araya@empresa.cl,Antofagasta,Antofagasta,Región de Antofagasta,16480000,0,Activo,2026-07-13
CLI-0901,13.425.058-7, PAULA GONZÁLEZ RODRÍGUEZ ,pau.gonzález@outlook.cl,Temuco,Temuco,Región de la Araucanía,13700000,90,EN REVISIÓN,2026-04-18
CLI-0902,18.433.263-3, Gabriel Silva Morales ,gab.silva@empresa.cl,Santiago Centro,Santiago,Región Metropolitana,4790000,15,En Revisión,2026-02-25
CLI-0903,15.161.567-7, Francisca Tapia Tapia ,fra.tapia@empresa.cl,La Serena,La Serena,Región de Coquimbo,12070000,45,Activo,2026-07-28
CLI-0904, 13.031.041-5 , GABRIEL ROJAS MUÑOZ ,gab.rojas@servicios.cl,Maipú,Santiago,Región Metropolitana,7390000,0,Inactivo,2026-04-17
CLI-0905,12.432.984-4, CAROLINA SOTO TAPIA ,car.soto@sura.cl,Santiago Centro,Santiago,Región Metropolitana,7200000,0,Inactivo,2026-06-04
CLI-0906,11.106.386-8, DIEGO PÉREZ RODRÍGUEZ ,die.pérez@outlook.cl,Providencia,Santiago,Región Metropolitana,18930000,0,Inactivo,2026-06-19
CLI-0907,18595218-3,  catalina morales rojas  ,cat.morales@servicios.cl,Las Condes,Santiago,Región Metropolitana,21420000,15,Activo,2026-02-11
CLI-0908, 17.270.351-4 , FELIPE CONTRERAS MORALES ,fel.contreras@gmail.com,Puerto Montt,Puerto Montt,Región de Los Lagos,20880000,60,En Revisión,2026-06-07
CLI-0909,15.114.550-4, Andrea Díaz Araya ,and.díaz@empresa.cl,Santiago Centro,Santiago,Región Metropolitana,16800000,30,activo,2026-01-25
CLI-0910,13.098.010-8, Sebastián Espinoza Díaz ,seb.espinoza@consultora.cl,Concepción,Concepción,Región del Biobío,15190000,60,EN REVISIÓN,2026-03-24
CLI-0911, 21.438.850-4 , Fernanda Díaz Valenzuela ,fer.díaz@consultora.cl,Santiago Centro,Santiago,Región Metropolitana,2310000,0,Activo,2026-02-25
CLI-0912,19606324-6, Gonzalo Fuentes Silva ,gon.fuentes@sura.cl,Antofagasta,Antofagasta,Región de Antofagasta,11190000,0,En Revisión,2026-01-01
CLI-0913,21.026.989-9, Sofia Espinoza Valenzuela ,sof.espinoza@servicios.cl,Talcahuano,Concepción,Región del Biobío,16390000,15,En Revisión,2026-06-03
CLI-0914,20693029-2, Mauricio Contreras Muñoz ,mau.contreras@empresa.cl,Providencia,Santiago,Región Metropolitana,7940000,60,En Revisión,2026-05-01
CLI-0915,13.259.534-5, Javiera Fuentes Vergara ,jav.fuentes@servicios.cl,Concepción,Concepción,Región del Biobío,18180000,15,En Revisión,2026-04-03
CLI-0916,19.510.024-1, MAURICIO ARAYA CONTRERAS ,mau.araya@consultora.cl,La Serena,La Serena,Región de Coquimbo,9780000,90,Activo,2026-06-15
CLI-0917, 14.121.772-1 ,  fernanda silva morales  ,fer.silva@sura.cl,Temuco,Temuco,Región de la Araucanía,9230000,30,EN REVISIÓN,2026-02-06
CLI-0918,16.239.673-0, Javier Pérez González ,jav.pérez@servicios.cl,Talcahuano,Concepción,Región del Biobío,14100000,60,activo,2026-04-15
CLI-0919,15688278-1, Loreto Vergara Soto ,lor.vergara@gmail.com,Concepción,Concepción,Región del Biobío,21950000,0,Inactivo,2026-03-07
CLI-0920, 21.392.014-3 , GABRIEL GONZÁLEZ TAPIA ,gab.gonzález@empresa.cl,Santiago Centro,Santiago,Región Metropolitana,12910000,120,EN REVISIÓN,2026-07-17
CLI-0921,18.278.828-4, Fernanda Díaz Valenzuela ,fer.díaz@consultora.cl,Temuco,Temuco,Región de la Araucanía,3880000,30,En Revisión,2026-04-13
CLI-0922,12.321.728-6, Felipe Tapia Pérez ,fel.tapia@servicios.cl,Providencia,Santiago,Región Metropolitana,11520000,45,En Revisión,2026-01-03
CLI-0923,12.065.869-K, Francisca Tapia González ,fra.tapia@servicios.cl,Ñuñoa,Santiago,Región Metropolitana,9610000,15,Activo,2026-03-01
CLI-0924,19.532.688-1, Álvaro Díaz Vergara ,álv.díaz@consultora.cl,Puerto Montt,Puerto Montt,Región de Los Lagos,8820000,0,Activo,2026-07-08
CLI-0925,14739177-1,  carolina lópez gonzález  ,car.lópez@sura.cl,Concepción,Concepción,Región del Biobío,20430000,45,EN REVISIÓN,2026-05-23
CLI-0926,14.191.545-7,  álvaro rojas morales  ,álv.rojas@servicios.cl,Valparaíso,Valparaíso,Región de Valparaíso,5200000,0,Inactivo,2026-07-17
CLI-0927, 19.755.977-2 , Sofia Silva Contreras ,sof.silva@sura.cl,Viña del Mar,Valparaíso,Región de Valparaíso,16700000,0,Inactivo,2026-04-16
CLI-0928,18.203.480-4, DIEGO SILVA TAPIA ,die.silva@gmail.com,Las Condes,Santiago,Región Metropolitana,1050000,0,En Revisión,2026-01-16
CLI-0929,20.630.690-6, DANIELA PÉREZ ESPINOZA ,dan.pérez@servicios.cl,Antofagasta,Antofagasta,Región de Antofagasta,6410000,15,EN REVISIÓN,2026-03-20
CLI-0930,14.652.289-K, Matías Rojas Espinoza ,mat.rojas@servicios.cl,Las Condes,Santiago,Región Metropolitana,22000000,0,EN REVISIÓN,2026-03-17
CLI-0931,16493706-8, Sofia Muñoz Pérez ,sof.muñoz@outlook.cl,La Serena,La Serena,Región de Coquimbo,770000,60,activo,2026-03-08
CLI-0932, 17.702.238-6 , Cristián Rojas López ,cri.rojas@gmail.com,Concepción,Concepción,Región del Biobío,7630000,30,Inactivo,2026-03-13
CLI-0933,17.015.200-3, MACARENA FUENTES ROJAS ,mac.fuentes@outlook.cl,Valparaíso,Valparaíso,Región de Valparaíso,15810000,0,activo,2026-05-13
CLI-0934,21.180.527-K, Álvaro Fuentes Araya ,álv.fuentes@servicios.cl,La Serena,La Serena,Región de Coquimbo,14610000,60,activo,2026-05-06
CLI-0935,20.992.389-9, Andrea Silva Díaz ,and.silva@servicios.cl,La Serena,La Serena,Región de Coquimbo,8850000,60,En Revisión,2026-01-05
CLI-0936,21654314-7, DIEGO SEPÚLVEDA ARAYA ,die.sepúlveda@sura.cl,Maipú,Santiago,Región Metropolitana,12340000,60,EN REVISIÓN,2026-03-06
CLI-0937,19.693.520-2,  loreto fuentes soto  ,lor.fuentes@servicios.cl,Concepción,Concepción,Región del Biobío,3140000,120,EN REVISIÓN,2026-02-16
CLI-0938,19.932.030-4, Cristián Valenzuela Sepúlveda ,cri.valenzuela@empresa.cl,Las Condes,Santiago,Región Metropolitana,3410000,60,Inactivo,2026-01-15
CLI-0939,19.274.372-5,  carolina morales gonzález  ,car.morales@empresa.cl,Santiago Centro,Santiago,Región Metropolitana,2360000,0,Inactivo,2026-04-04
CLI-0940,21820682-7, Felipe Sepúlveda González ,fel.sepúlveda@servicios.cl,La Serena,La Serena,Región de Coquimbo,6200000,60,activo,2026-07-18
CLI-0941,13.738.369-1, Carolina Tapia Tapia ,car.tapia@sura.cl,Valparaíso,Valparaíso,Región de Valparaíso,19490000,120,Activo,2026-04-10
CLI-0942,16.226.884-9,  felipe díaz soto  ,fel.díaz@sura.cl,Talcahuano,Concepción,Región del Biobío,820000,90,activo,2026-06-07
CLI-0943, 21.272.458-K , BEATRIZ ARAYA VALENZUELA ,bea.araya@sura.cl,Talcahuano,Concepción,Región del Biobío,10890000,90,En Revisión,2026-04-28
CLI-0944,15.283.259-1, Hernán Vergara Tapia ,her.vergara@empresa.cl,Las Condes,Santiago,Región Metropolitana,14960000,90,activo,2026-06-14
CLI-0945,14.307.016-8, Francisca López Sepúlveda ,fra.lópez@gmail.com,Ñuñoa,Santiago,Región Metropolitana,19010000,0,activo,2026-07-04
CLI-0946, 12.390.974-2 , Álvaro Rojas Soto ,álv.rojas@servicios.cl,Talcahuano,Concepción,Región del Biobío,20520000,0,EN REVISIÓN,2026-01-23
CLI-0947,14.102.561-4, Marcela González Valenzuela ,mar.gonzález@consultora.cl,Talcahuano,Concepción,Región del Biobío,550000,15,activo,2026-05-14
CLI-0948,20.909.324-5, Mauricio González Rojas ,mau.gonzález@empresa.cl,Las Condes,Santiago,Región Metropolitana,9980000,90,En Revisión,2026-02-02
CLI-0949,19.238.374-2,  paula silva muñoz  ,pau.silva@gmail.com,Concepción,Concepción,Región del Biobío,20690000,60,En Revisión,2026-06-10
CLI-0950,18127374-3, Gabriel Rojas Tapia ,gab.rojas@sura.cl,Las Condes,Santiago,Región Metropolitana,5480000,60,activo,2026-01-22
CLI-0951, 16.895.044-K , Valentina Fuentes Contreras ,val.fuentes@empresa.cl,Santiago Centro,Santiago,Región Metropolitana,18740000,45,EN REVISIÓN,2026-01-08
CLI-0952,12.256.687-3,  tomas soto rojas  ,tom.soto@consultora.cl,Santiago Centro,Santiago,Región Metropolitana,9820000,45,Inactivo,2026-05-09
CLI-0953,19.033.265-0, Macarena Rodríguez Silva ,mac.rodríguez@outlook.cl,Talcahuano,Concepción,Región del Biobío,8900000,15,Inactivo,2026-03-17
CLI-0954,11515221-6, Gonzalo Soto Pérez ,gon.soto@gmail.com,Santiago Centro,Santiago,Región Metropolitana,8830000,0,activo,2026-06-24
CLI-0955,16333000-K, DANIELA SOTO VERGARA ,dan.soto@consultora.cl,Ñuñoa,Santiago,Región Metropolitana,13000000,15,En Revisión,2026-06-16
CLI-0956, 20.500.405-0 , MATÍAS VALENZUELA SOTO ,mat.valenzuela@consultora.cl,Antofagasta,Antofagasta,Región de Antofagasta,19150000,120,En Revisión,2026-05-18
CLI-0957,16.582.830-3, Loreto Valenzuela Contreras ,lor.valenzuela@outlook.cl,La Serena,La Serena,Región de Coquimbo,21160000,0,Inactivo,2026-01-08
CLI-0958, 11.569.979-4 , Tomas Tapia Sepúlveda ,tom.tapia@sura.cl,Concepción,Concepción,Región del Biobío,11440000,45,Activo,2026-01-22
CLI-0959,15991156-8, Carolina Espinoza Rodríguez ,car.espinoza@sura.cl,Talcahuano,Concepción,Región del Biobío,16770000,60,activo,2026-05-05
CLI-0960,19087360-4, ÁLVARO MUÑOZ LÓPEZ ,álv.muñoz@outlook.cl,Santiago Centro,Santiago,Región Metropolitana,21940000,0,En Revisión,2026-03-22
CLI-0961, 17.191.147-0 ,  loreto fuentes díaz  ,lor.fuentes@sura.cl,Maipú,Santiago,Región Metropolitana,14340000,0,En Revisión,2026-05-20
CLI-0962,15061847-3, Ignacio Contreras Soto ,ign.contreras@consultora.cl,Ñuñoa,Santiago,Región Metropolitana,3640000,120,Inactivo,2026-04-07
CLI-0963, 14.872.279-6 , Camila González Espinoza ,cam.gonzález@servicios.cl,Valparaíso,Valparaíso,Región de Valparaíso,14480000,0,activo,2026-03-11
CLI-0964, 18.617.682-9 , Gabriel Soto Rodríguez ,gab.soto@outlook.cl,Santiago Centro,Santiago,Región Metropolitana,8240000,120,activo,2026-07-23
CLI-0965, 21.926.876-3 , Valentina Pérez Araya ,val.pérez@consultora.cl,Antofagasta,Antofagasta,Región de Antofagasta,18990000,0,activo,2026-04-04
CLI-0966,15.042.065-7,  esteban díaz lópez  ,est.díaz@gmail.com,Providencia,Santiago,Región Metropolitana,7410000,60,Activo,2026-05-20
CLI-0967,16842203-5, Beatriz Espinoza Valenzuela ,bea.espinoza@gmail.com,Ñuñoa,Santiago,Región Metropolitana,16460000,90,En Revisión,2026-06-23
CLI-0968,13697771-1, Mauricio Rojas Rojas ,mau.rojas@outlook.cl,Maipú,Santiago,Región Metropolitana,1810000,60,EN REVISIÓN,2026-01-05
CLI-0969,15.050.780-6, Paula Fuentes Morales ,pau.fuentes@gmail.com,Providencia,Santiago,Región Metropolitana,16130000,45,Inactivo,2026-01-12
CLI-0970,13.477.759-0, Ignacio Soto Contreras ,ign.soto@gmail.com,Valparaíso,Valparaíso,Región de Valparaíso,11230000,120,activo,2026-03-20
CLI-0971,15325857-7, Catalina González Díaz ,cat.gonzález@outlook.cl,Concepción,Concepción,Región del Biobío,3080000,0,En Revisión,2026-03-15
CLI-0972, 21.910.592-0 ,  álvaro valenzuela contreras  ,álv.valenzuela@outlook.cl,Providencia,Santiago,Región Metropolitana,8620000,60,Inactivo,2026-06-20
CLI-0973,21386098-K, Carolina Pérez Rojas ,car.pérez@empresa.cl,La Serena,La Serena,Región de Coquimbo,20590000,0,Activo,2026-01-04
CLI-0974,16.341.571-5, Álvaro Rojas Morales ,álv.rojas@consultora.cl,Puerto Montt,Puerto Montt,Región de Los Lagos,20730000,45,Activo,2026-02-19
CLI-0975, 11.509.123-8 , Andrea Silva Vergara ,and.silva@consultora.cl,Puerto Montt,Puerto Montt,Región de Los Lagos,11700000,0,En Revisión,2026-04-19
CLI-0976, 12.873.673-0 , GABRIEL GONZÁLEZ CONTRERAS ,gab.gonzález@outlook.cl,Santiago Centro,Santiago,Región Metropolitana,21640000,90,Activo,2026-02-28
CLI-0977,15.476.372-7, Camila Rojas Tapia ,cam.rojas@sura.cl,Puerto Montt,Puerto Montt,Región de Los Lagos,11770000,0,En Revisión,2026-06-08
CLI-0978,12.018.892-0, Gabriel Valenzuela Valenzuela ,gab.valenzuela@empresa.cl,Concepción,Concepción,Región del Biobío,20120000,15,En Revisión,2026-07-25
CLI-0979,15.552.215-9, Sofia Fuentes López ,sof.fuentes@sura.cl,Providencia,Santiago,Región Metropolitana,12810000,0,EN REVISIÓN,2026-06-03
CLI-0980, 13.031.287-8 ,  felipe morales silva  ,fel.morales@outlook.cl,Talcahuano,Concepción,Región del Biobío,18950000,45,Activo,2026-06-28
CLI-0981,15213180-7, Macarena Tapia Pérez ,mac.tapia@servicios.cl,Maipú,Santiago,Región Metropolitana,12660000,60,EN REVISIÓN,2026-07-04
CLI-0982,12.802.369-9, Diego Fuentes Contreras ,die.fuentes@sura.cl,Providencia,Santiago,Región Metropolitana,4330000,45,Activo,2026-03-26
CLI-0983,14.690.781-3, Camila Fuentes Díaz ,cam.fuentes@gmail.com,Antofagasta,Antofagasta,Región de Antofagasta,14000000,0,Inactivo,2026-05-23
CLI-0984,19.321.230-8, ÁLVARO GONZÁLEZ ROJAS ,álv.gonzález@consultora.cl,Valparaíso,Valparaíso,Región de Valparaíso,12670000,0,Inactivo,2026-03-03
CLI-0985,17.616.864-5, Beatriz Morales Rodríguez ,bea.morales@consultora.cl,Valparaíso,Valparaíso,Región de Valparaíso,20880000,30,EN REVISIÓN,2026-06-14
CLI-0986, 12.961.426-8 ,  hernán silva rojas  ,her.silva@empresa.cl,Puerto Montt,Puerto Montt,Región de Los Lagos,9600000,0,EN REVISIÓN,2026-01-27
CLI-0987,11526537-6, Catalina Contreras Valenzuela ,cat.contreras@sura.cl,Concepción,Concepción,Región del Biobío,17640000,0,Inactivo,2026-01-10
CLI-0988,11.533.537-K, CRISTIÁN VERGARA VERGARA ,cri.vergara@consultora.cl,Ñuñoa,Santiago,Región Metropolitana,9330000,120,Inactivo,2026-07-25
CLI-0989, 14.326.896-2 , Sofia Pérez Rojas ,sof.pérez@servicios.cl,Santiago Centro,Santiago,Región Metropolitana,1990000,15,activo,2026-01-10
CLI-0990,22138454-1, Claudio Fuentes Pérez ,cla.fuentes@servicios.cl,Maipú,Santiago,Región Metropolitana,12670000,0,activo,2026-01-01
CLI-0991,18467502-4, Paula Silva Vergara ,pau.silva@sura.cl,Talcahuano,Concepción,Región del Biobío,3090000,30,En Revisión,2026-01-06
CLI-0992,12.369.112-K, JAVIER CONTRERAS PÉREZ ,jav.contreras@empresa.cl,Temuco,Temuco,Región de la Araucanía,12800000,30,EN REVISIÓN,2026-01-14
CLI-0993, 21.132.492-4 , Loreto Rojas Tapia ,lor.rojas@consultora.cl,Viña del Mar,Valparaíso,Región de Valparaíso,1280000,45,En Revisión,2026-05-15
CLI-0994,22.189.744-3, Gonzalo Espinoza Araya ,gon.espinoza@consultora.cl,La Serena,La Serena,Región de Coquimbo,5740000,0,activo,2026-06-06
CLI-0995, 14.604.911-5 , Marcela Sepúlveda Silva ,mar.sepúlveda@empresa.cl,Antofagasta,Antofagasta,Región de Antofagasta,17610000,90,activo,2026-02-12
CLI-0996,17534865-6, Álvaro Araya Fuentes ,álv.araya@consultora.cl,Valparaíso,Valparaíso,Región de Valparaíso,6430000,0,activo,2026-02-28
CLI-0997,18.719.351-8, CATALINA VALENZUELA DÍAZ ,cat.valenzuela@outlook.cl,Concepción,Concepción,Región del Biobío,19660000,120,activo,2026-02-02
CLI-0998,11.121.367-5,  tomas silva pérez  ,tom.silva@gmail.com,Maipú,Santiago,Región Metropolitana,4930000,120,Activo,2026-04-25
CLI-0999,20304379-1,  constanza araya vergara  ,con.araya@servicios.cl,Puerto Montt,Puerto Montt,Región de Los Lagos,10250000,60,Activo,2026-05-23
CLI-1000, 20.304.698-5 ,  claudio sepúlveda rodríguez  ,cla.sepúlveda@servicios.cl,Temuco,Temuco,Región de la Araucanía,8660000,0,activo,2026-04-01
